id,slug,link,status,error
26177,responsible-recycling-tieu-chuan-tai-che-co-trach-nhiem-r2-2,https://knacert.com.vn/dich-vu/responsible-recycling-tieu-chuan-tai-che-co-trach-nhiem-r2-2/,ok,
19562,xin-chao-copy,https://knacert.com.vn/dich-vu/xin-chao-copy/,ok,
17111,chung-nhan-bis-theo-chuong-trinh-isi-crs-scheme-x-cua-an-do-moi-nhat,https://knacert.com.vn/dich-vu/chung-nhan-bis-theo-chuong-trinh-isi-crs-scheme-x-cua-an-do-moi-nhat/,ok,
17082,chung-nhan-halal-cong-nhan-quoc-te,https://knacert.com.vn/dich-vu/chung-nhan-halal-cong-nhan-quoc-te/,ok,
17075,dich-vu-chung-nhan-hop-chuan-cua-so-cua-di-theo-tcvn-va-astm,https://knacert.com.vn/dich-vu/dich-vu-chung-nhan-hop-chuan-cua-so-cua-di-theo-tcvn-va-astm/,ok,
17065,dich-vu-chung-nhan-hop-chuan-thep-thanh-van-theo-tcvn-1651-22018,https://knacert.com.vn/dich-vu/dich-vu-chung-nhan-hop-chuan-thep-thanh-van-theo-tcvn-1651-22018/,ok,
17005,dich-vu-chung-nhan-sbp-cong-nhan-quoc-te,https://knacert.com.vn/dich-vu/dich-vu-chung-nhan-sbp-cong-nhan-quoc-te/,ok,
16998,chung-nhan-hop-chuan-muong-parabol-be-tong-cot-soi-theo-cecs-382004,https://knacert.com.vn/dich-vu/chung-nhan-hop-chuan-muong-parabol-be-tong-cot-soi-theo-cecs-382004/,ok,
16988,chung-nhan-hop-chuan-vua-cho-be-tong-nhe-theo-tcvn-90282011,https://knacert.com.vn/dich-vu/chung-nhan-hop-chuan-vua-cho-be-tong-nhe-theo-tcvn-90282011/,ok,
16978,chung-nhan-hop-chuan-be-tong-thuy-cong-theo-tcvn-82182009,https://knacert.com.vn/dich-vu/chung-nhan-hop-chuan-be-tong-thuy-cong-theo-tcvn-82182009/,ok,
16968,chung-nhan-hop-chuan-ngoi-trang-men-theo-tcvn-71952002,https://knacert.com.vn/dich-vu/chung-nhan-hop-chuan-ngoi-trang-men-theo-tcvn-71952002/,ok,
16958,chung-nhan-hop-chuan-xi-mang-pooc-lang-trang-theo-tcvn-56912000,https://knacert.com.vn/dich-vu/chung-nhan-hop-chuan-xi-mang-pooc-lang-trang-theo-tcvn-56912000/,ok,
16948,chung-nhan-hop-chuan-mat-duong-be-tong-nhua-bong-theo-tcvn-88192011,https://knacert.com.vn/dich-vu/chung-nhan-hop-chuan-mat-duong-be-tong-nhua-bong-theo-tcvn-88192011/,ok,
16938,chung-nhan-hop-chuan-ong-nhua-chiu-nhiet-pp-r-theo-tieu-chuan-din,https://knacert.com.vn/dich-vu/chung-nhan-hop-chuan-ong-nhua-chiu-nhiet-pp-r-theo-tieu-chuan-din/,ok,
16928,chung-nhan-hop-chuan-tam-xi-mang-soi-theo-tcvn-82582009,https://knacert.com.vn/dich-vu/chung-nhan-hop-chuan-tam-xi-mang-soi-theo-tcvn-82582009/,ok,
16918,chung-nhan-hop-chuan-thang-cap-mang-cap-theo-nema-ve-1-2017,https://knacert.com.vn/dich-vu/chung-nhan-hop-chuan-thang-cap-mang-cap-theo-nema-ve-1-2017/,ok,
16908,chung-nhan-hop-chuan-kinh-can-van-hoa-theo-tcvn-75272005,https://knacert.com.vn/dich-vu/chung-nhan-hop-chuan-kinh-can-van-hoa-theo-tcvn-75272005/,ok,
16898,chung-nhan-hop-chuan-bon-chua-nuoc-bang-thep-khong-gi-theo-tcvn-58341994,https://knacert.com.vn/dich-vu/chung-nhan-hop-chuan-bon-chua-nuoc-bang-thep-khong-gi-theo-tcvn-58341994/,ok,
16891,chung-nhan-hop-chuan-cua-so-cua-di-theo-tcvn-60251995,https://knacert.com.vn/dich-vu/chung-nhan-hop-chuan-cua-so-cua-di-theo-tcvn-60251995/,ok,
16881,chung-nhan-hop-chuan-ta-vet-be-tong-du-ung-luc-theo-bs-en-13230-22016,https://knacert.com.vn/dich-vu/chung-nhan-hop-chuan-ta-vet-be-tong-du-ung-luc-theo-bs-en-13230-22016/,ok,
16871,chung-nhan-hop-chuan-gach-granito-theo-tcvn-60741995,https://knacert.com.vn/dich-vu/chung-nhan-hop-chuan-gach-granito-theo-tcvn-60741995/,ok,
16861,chung-nhan-hop-chuan-vua-chen-cap-du-ung-luc-theo-tcvn-119712018,https://knacert.com.vn/dich-vu/chung-nhan-hop-chuan-vua-chen-cap-du-ung-luc-theo-tcvn-119712018/,ok,
16851,chung-nhan-hop-chuan-phu-gia-hoa-hoc-cho-be-tong-theo-tcvn-88262011,https://knacert.com.vn/dich-vu/chung-nhan-hop-chuan-phu-gia-hoa-hoc-cho-be-tong-theo-tcvn-88262011/,ok,
16806,chung-nhan-hop-chuan-vai-dia-ky-thuat-theo-tcvn-98442013,https://knacert.com.vn/dich-vu/chung-nhan-hop-chuan-vai-dia-ky-thuat-theo-tcvn-98442013/,ok,
16796,chung-nhan-hop-chuan-san-pham-chiu-lua-theo-tcvn,https://knacert.com.vn/dich-vu/chung-nhan-hop-chuan-san-pham-chiu-lua-theo-tcvn/,ok,
16786,chung-nhan-hop-chuan-thep-hinh-can-nong-theo-tcvn-7571,https://knacert.com.vn/dich-vu/chung-nhan-hop-chuan-thep-hinh-can-nong-theo-tcvn-7571/,ok,
16773,chung-nhan-rms-cong-nhan-quoc-te,https://knacert.com.vn/dich-vu/chung-nhan-rms-cong-nhan-quoc-te/,ok,
16735,chung-nhan-ras-cong-nhan-quoc-te,https://knacert.com.vn/dich-vu/chung-nhan-ras-cong-nhan-quoc-te/,ok,
16725,chung-nhan-hop-chuan-ong-thep-cung-theo-jis-c-83052019,https://knacert.com.vn/dich-vu/chung-nhan-hop-chuan-ong-thep-cung-theo-jis-c-83052019/,ok,
16715,chung-nhan-hop-chuan-khoa-cua-co-tay-nam-theo-tcvn-57621993,https://knacert.com.vn/dich-vu/chung-nhan-hop-chuan-khoa-cua-co-tay-nam-theo-tcvn-57621993/,ok,
16705,chung-nhan-hop-chuan-van-mdf-theo-tcvn-77532007,https://knacert.com.vn/dich-vu/chung-nhan-hop-chuan-van-mdf-theo-tcvn-77532007/,ok,
16695,chung-nhan-hop-chuan-kinh-hop-gan-kin-cach-nhiet-theo-tcvn-82602009,https://knacert.com.vn/dich-vu/chung-nhan-hop-chuan-kinh-hop-gan-kin-cach-nhiet-theo-tcvn-82602009/,ok,
16685,chung-nhan-hop-quy-thiet-bi-dau-cuoi-theo-qcvn,https://knacert.com.vn/dich-vu/chung-nhan-hop-quy-thiet-bi-dau-cuoi-theo-qcvn/,ok,
16675,chung-nhan-hop-chuan-be-tong-bot-va-be-tong-khi-chung-ap-theo-tcvn-90292017,https://knacert.com.vn/dich-vu/chung-nhan-hop-chuan-be-tong-bot-va-be-tong-khi-chung-ap-theo-tcvn-90292017/,ok,
16665,chung-nhan-hop-chuan-thep-khong-gi-thep-cacbon-theo-tcvn-103562017,https://knacert.com.vn/dich-vu/chung-nhan-hop-chuan-thep-khong-gi-thep-cacbon-theo-tcvn-103562017/,ok,
16655,chung-nhan-hop-chuan-van-san-composite-go-nhua-theo-tcvn-113522016,https://knacert.com.vn/dich-vu/chung-nhan-hop-chuan-van-san-composite-go-nhua-theo-tcvn-113522016/,ok,
16645,chung-nhan-hop-chuan-ban-le-cua-theo-bs-en-19352002,https://knacert.com.vn/dich-vu/chung-nhan-hop-chuan-ban-le-cua-theo-bs-en-19352002/,ok,
16635,chung-nhan-hop-chuan-day-thep-vuot-nguoi-theo-tcvn-62881997,https://knacert.com.vn/dich-vu/chung-nhan-hop-chuan-day-thep-vuot-nguoi-theo-tcvn-62881997/,ok,
16625,chung-nhan-hop-chuan-voi-canxi-cho-xay-dung-theo-tcvn-22312016,https://knacert.com.vn/dich-vu/chung-nhan-hop-chuan-voi-canxi-cho-xay-dung-theo-tcvn-22312016/,ok,
16615,chung-nhan-hop-chuan-xi-hat-lo-cao-dung-de-san-xuat-xi-mang-theo-tcvn-43152007,https://knacert.com.vn/dich-vu/chung-nhan-hop-chuan-xi-hat-lo-cao-dung-de-san-xuat-xi-mang-theo-tcvn-43152007/,ok,
16605,chung-nhan-hop-chuan-tam-3d-dung-trong-xay-dung-theo-tcvn-7575-12007,https://knacert.com.vn/dich-vu/chung-nhan-hop-chuan-tam-3d-dung-trong-xay-dung-theo-tcvn-7575-12007/,ok,
16595,chung-nhan-hop-chuan-lop-mong-cap-phoi-da-dam-theo-tcvn-88592011,https://knacert.com.vn/dich-vu/chung-nhan-hop-chuan-lop-mong-cap-phoi-da-dam-theo-tcvn-88592011/,ok,
16585,chung-nhan-hop-chuan-vua-xay-dung-theo-tcvn-43142003,https://knacert.com.vn/dich-vu/chung-nhan-hop-chuan-vua-xay-dung-theo-tcvn-43142003/,ok,
16575,chung-nhan-hop-chuan-ong-nhua-gan-xoan-hdpe-theo-tcvn-90702012,https://knacert.com.vn/dich-vu/chung-nhan-hop-chuan-ong-nhua-gan-xoan-hdpe-theo-tcvn-90702012/,ok,
16565,chung-nhan-hop-chuan-san-pham-su-ve-sinh-theo-tcvn-60732005,https://knacert.com.vn/dich-vu/chung-nhan-hop-chuan-san-pham-su-ve-sinh-theo-tcvn-60732005/,ok,
16555,chung-nhan-hop-chuan-tam-san-hop-be-tong-cot-thep-theo-tcvn-22761991,https://knacert.com.vn/dich-vu/chung-nhan-hop-chuan-tam-san-hop-be-tong-cot-thep-theo-tcvn-22761991/,ok,
16545,chung-nhan-hop-chuan-tam-song-amiang-xi-mang-theo-tcvn-44342000,https://knacert.com.vn/dich-vu/chung-nhan-hop-chuan-tam-song-amiang-xi-mang-theo-tcvn-44342000/,ok,
16535,chung-nhan-hop-chuan-tam-thach-cao-theo-tcvn-82562009,https://knacert.com.vn/dich-vu/chung-nhan-hop-chuan-tam-thach-cao-theo-tcvn-82562009/,ok,
16525,chung-nhan-hop-chuan-ngoi-xi-mang-ep-theo-jis-a-54022002,https://knacert.com.vn/dich-vu/chung-nhan-hop-chuan-ngoi-xi-mang-ep-theo-jis-a-54022002/,ok,
16515,chung-nhan-hop-chuan-kinh-cot-luoi-thep-theo-tcvn-74562004,https://knacert.com.vn/dich-vu/chung-nhan-hop-chuan-kinh-cot-luoi-thep-theo-tcvn-74562004/,ok,
16505,chung-nhan-hop-chuan-ngoi-mau-xi-mang-cat-theo-tcvn-14531986,https://knacert.com.vn/dich-vu/chung-nhan-hop-chuan-ngoi-mau-xi-mang-cat-theo-tcvn-14531986/,ok,
16495,chung-nhan-hop-chuan-bot-mau-xay-dung-theo-tcvn-56961992,https://knacert.com.vn/dich-vu/chung-nhan-hop-chuan-bot-mau-xay-dung-theo-tcvn-56961992/,ok,
16485,chung-nhan-hop-chuan-gach-canxi-silicat-theo-tcvn-21181994,https://knacert.com.vn/dich-vu/chung-nhan-hop-chuan-gach-canxi-silicat-theo-tcvn-21181994/,ok,
16475,dich-vu-chung-nhan-hop-chuan-tro-bay-theo-tcvn-103022014,https://knacert.com.vn/dich-vu/dich-vu-chung-nhan-hop-chuan-tro-bay-theo-tcvn-103022014/,ok,
16465,chung-nhan-hop-chuan-xi-mang-xay-trat-theo-tcvn-92022012,https://knacert.com.vn/dich-vu/chung-nhan-hop-chuan-xi-mang-xay-trat-theo-tcvn-92022012/,ok,
16458,chung-nhan-hop-chuan-phu-gia-hoa-hoc-cho-be-tong-theo-astm-c494,https://knacert.com.vn/dich-vu/chung-nhan-hop-chuan-phu-gia-hoa-hoc-cho-be-tong-theo-astm-c494/,ok,
16448,chung-nhan-hop-chuan-cop-pha-nhua-dung-cho-be-tong-theo-tcvn-7690-2005,https://knacert.com.vn/dich-vu/chung-nhan-hop-chuan-cop-pha-nhua-dung-cho-be-tong-theo-tcvn-7690-2005/,ok,
16438,chung-nhan-hop-chuan-gach-gom-op-lat-ep-ban-kho-theo-tcvn-77452007,https://knacert.com.vn/dich-vu/chung-nhan-hop-chuan-gach-gom-op-lat-ep-ban-kho-theo-tcvn-77452007/,ok,
16428,chung-nhan-hop-chuan-hon-hop-be-tong-tron-san-theo-tcvn-93402012,https://knacert.com.vn/dich-vu/chung-nhan-hop-chuan-hon-hop-be-tong-tron-san-theo-tcvn-93402012/,ok,
16418,chung-nhan-hop-chuan-keo-dan-gach-theo-tcvn,https://knacert.com.vn/dich-vu/chung-nhan-hop-chuan-keo-dan-gach-theo-tcvn/,ok,
16392,chung-nhan-hop-chuan-mang-boc-pvc-theo-tcvn-58201994,https://knacert.com.vn/dich-vu/chung-nhan-hop-chuan-mang-boc-pvc-theo-tcvn-58201994/,ok,
16382,chung-nhan-hop-chuan-vat-lieu-chong-tham-tam-cpe-theo-tcvn-94082014,https://knacert.com.vn/dich-vu/chung-nhan-hop-chuan-vat-lieu-chong-tham-tam-cpe-theo-tcvn-94082014/,ok,
16372,chung-nhan-hop-chuan-vua-va-be-tong-chiu-axit-theo-tcvn-90342011,https://knacert.com.vn/dich-vu/chung-nhan-hop-chuan-vua-va-be-tong-chiu-axit-theo-tcvn-90342011/,ok,
16362,chung-nhan-hop-chuan-kinh-phu-buc-xa-thap-theo-tcvn-98082013,https://knacert.com.vn/dich-vu/chung-nhan-hop-chuan-kinh-phu-buc-xa-thap-theo-tcvn-98082013/,ok,
16355,chung-nhan-hop-chuan-tam-pvc-theo-tcvn-58191994,https://knacert.com.vn/dich-vu/chung-nhan-hop-chuan-tam-pvc-theo-tcvn-58191994/,ok,
16345,chung-nhan-hop-chuan-tam-lop-bitum-dang-song-theo-tcvn-8052-12009,https://knacert.com.vn/dich-vu/chung-nhan-hop-chuan-tam-lop-bitum-dang-song-theo-tcvn-8052-12009/,ok,
16335,chung-nhan-hop-chuan-vat-lieu-chong-tham-goc-xi-mang-polymer-theo-bs-en-14891,https://knacert.com.vn/dich-vu/chung-nhan-hop-chuan-vat-lieu-chong-tham-goc-xi-mang-polymer-theo-bs-en-14891/,ok,
16325,chung-nhan-hop-chuan-vai-thuy-tinh-theo-tcvn-80582009,https://knacert.com.vn/dich-vu/chung-nhan-hop-chuan-vai-thuy-tinh-theo-tcvn-80582009/,ok,
16315,chung-nhan-hop-chuan-son-va-chat-mau-theo-tcvn,https://knacert.com.vn/dich-vu/chung-nhan-hop-chuan-son-va-chat-mau-theo-tcvn/,ok,
16305,chung-nhan-hop-chuan-ngoi-gom-trang-men-theo-tcvn-91332011,https://knacert.com.vn/dich-vu/chung-nhan-hop-chuan-ngoi-gom-trang-men-theo-tcvn-91332011/,ok,
16295,chung-nhan-hop-chuan-thep-hinh-can-nong-thep-goc-canh-deu-theo-tcvn-7571-22019,https://knacert.com.vn/dich-vu/chung-nhan-hop-chuan-thep-hinh-can-nong-thep-goc-canh-deu-theo-tcvn-7571-22019/,ok,
16285,chung-nhan-hop-chuan-xi-mang-pooc-lang-theo-tcvn-26822009,https://knacert.com.vn/dich-vu/chung-nhan-hop-chuan-xi-mang-pooc-lang-theo-tcvn-26822009/,ok,
16260,chung-nhan-iso-14064,https://knacert.com.vn/dich-vu/chung-nhan-iso-14064/,ok,
16253,chung-nhan-hop-chuan-ong-cong-be-tong-theo-astm-c76m,https://knacert.com.vn/dich-vu/chung-nhan-hop-chuan-ong-cong-be-tong-theo-astm-c76m/,ok,
16243,chung-nhan-hop-chuan-xi-mang-pooc-lang-ben-sunphat-theo-tcvn-60672004,https://knacert.com.vn/dich-vu/chung-nhan-hop-chuan-xi-mang-pooc-lang-ben-sunphat-theo-tcvn-60672004/,ok,
16236,chung-nhan-hop-chuan-cot-lieu-lon-tai-che-cho-be-tong-theo-tcvn-119692018,https://knacert.com.vn/dich-vu/chung-nhan-hop-chuan-cot-lieu-lon-tai-che-cho-be-tong-theo-tcvn-119692018/,ok,
16226,chung-nhan-hop-chuan-kinh-dan-nhieu-lop-va-kinh-dan-an-toan-theo-tcvn-73642018,https://knacert.com.vn/dich-vu/chung-nhan-hop-chuan-kinh-dan-nhieu-lop-va-kinh-dan-an-toan-theo-tcvn-73642018/,ok,
16216,chung-nhan-hop-chuan-kinh-guong-trang-bac-theo-tcvn-76242007,https://knacert.com.vn/dich-vu/chung-nhan-hop-chuan-kinh-guong-trang-bac-theo-tcvn-76242007/,ok,
16209,chung-nhan-hop-chuan-xi-mang-pooc-lang-hon-hop-ben-sun-phat-theo-tcvn-77112009,https://knacert.com.vn/dich-vu/chung-nhan-hop-chuan-xi-mang-pooc-lang-hon-hop-ben-sun-phat-theo-tcvn-77112009/,ok,
16199,chung-nhan-hop-chuan-da-op-lat-nhan-tao-tren-co-so-chat-ket-dinh-theo-tcvn-80572009,https://knacert.com.vn/dich-vu/chung-nhan-hop-chuan-da-op-lat-nhan-tao-tren-co-so-chat-ket-dinh-theo-tcvn-80572009/,ok,
16189,chung-nhan-hop-chuan-thach-cao-phospho-dung-de-san-xuat-xi-mang-theo-tcvn-118332017,https://knacert.com.vn/dich-vu/chung-nhan-hop-chuan-thach-cao-phospho-dung-de-san-xuat-xi-mang-theo-tcvn-118332017/,ok,
16173,chung-nhan-enplus,https://knacert.com.vn/dich-vu/chung-nhan-enplus/,ok,
16163,dich-vu-chung-nhan-hop-chuan-gach-op-lat-theo-tcvn-71322002,https://knacert.com.vn/dich-vu/dich-vu-chung-nhan-hop-chuan-gach-op-lat-theo-tcvn-71322002/,ok,
16153,chung-nhan-hop-chuan-xi-mang-pooc-lang-ben-sun-phat-theo-tcvn-60762009,https://knacert.com.vn/dich-vu/chung-nhan-hop-chuan-xi-mang-pooc-lang-ben-sun-phat-theo-tcvn-60762009/,ok,
16143,chung-nhan-hop-chuan-san-pham-be-tong-khi-chung-ap-theo-tcvn-79592017,https://knacert.com.vn/dich-vu/chung-nhan-hop-chuan-san-pham-be-tong-khi-chung-ap-theo-tcvn-79592017/,ok,
16133,chung-nhan-hop-chuan-gach-gom-op-lat-ep-dun-deo-theo-tcvn-74832005,https://knacert.com.vn/dich-vu/chung-nhan-hop-chuan-gach-gom-op-lat-ep-dun-deo-theo-tcvn-74832005/,ok,
16123,chung-nhan-hop-chuan-xi-mang-pooc-lang-hon-hop-theo-tcvn-62602009,https://knacert.com.vn/dich-vu/chung-nhan-hop-chuan-xi-mang-pooc-lang-hon-hop-theo-tcvn-62602009/,ok,
16113,chung-nhan-hop-chuan-ong-be-tong-cot-thep-thoat-nuoc-theo-tcvn-91132012,https://knacert.com.vn/dich-vu/chung-nhan-hop-chuan-ong-be-tong-cot-thep-thoat-nuoc-theo-tcvn-91132012/,ok,
16103,chung-nhan-hop-chuan-cot-dien-be-tong-cot-thep-ly-tam-theo-tcvn-58472016,https://knacert.com.vn/dich-vu/chung-nhan-hop-chuan-cot-dien-be-tong-cot-thep-ly-tam-theo-tcvn-58472016/,ok,
16090,chung-nhan-khong-chat-thai-cua-scs-zero-waste-certification,https://knacert.com.vn/dich-vu/chung-nhan-khong-chat-thai-cua-scs-zero-waste-certification/,ok,
16080,chung-nhan-iscc-ve-nang-luong-sinh-hoc-va-sinh-khoi,https://knacert.com.vn/dich-vu/chung-nhan-iscc-ve-nang-luong-sinh-hoc-va-sinh-khoi/,ok,
16070,chung-nhan-san-pham-ms-cua-malaysia-product-certification,https://knacert.com.vn/dich-vu/chung-nhan-san-pham-ms-cua-malaysia-product-certification/,ok,
16060,dich-vu-chung-nhan-hop-chuan-phu-gia-khoang-cho-xi-mang-theo-tcvn-68822001,https://knacert.com.vn/dich-vu/dich-vu-chung-nhan-hop-chuan-phu-gia-khoang-cho-xi-mang-theo-tcvn-68822001/,ok,
16050,dich-vu-chung-nhan-hop-chuan-son-tuong-dang-nhu-tuong-theo-tcvn-86522012,https://knacert.com.vn/dich-vu/dich-vu-chung-nhan-hop-chuan-son-tuong-dang-nhu-tuong-theo-tcvn-86522012/,ok,
16040,dich-vu-chung-nhan-hop-chuan-van-go-dan-theo-tcvn-77552007,https://knacert.com.vn/dich-vu/dich-vu-chung-nhan-hop-chuan-van-go-dan-theo-tcvn-77552007/,ok,
16030,dich-vu-chung-nhan-hop-chuan-coc-van-thep-can-nong-theo-tcvn-96852013,https://knacert.com.vn/dich-vu/dich-vu-chung-nhan-hop-chuan-coc-van-thep-can-nong-theo-tcvn-96852013/,ok,
16020,dich-vu-chung-nhan-hop-chuan-gach-be-tong-tu-chen-theo-tcvn-64761999,https://knacert.com.vn/dich-vu/dich-vu-chung-nhan-hop-chuan-gach-be-tong-tu-chen-theo-tcvn-64761999/,ok,
16010,dich-vu-chung-nhan-hop-chuan-gach-rong-dat-set-nung-theo-tcvn-14502009,https://knacert.com.vn/dich-vu/dich-vu-chung-nhan-hop-chuan-gach-rong-dat-set-nung-theo-tcvn-14502009/,ok,
15997,dich-vu-chung-nhan-hop-chuan-cat-nghien-theo-tcvn-92052012,https://knacert.com.vn/dich-vu/dich-vu-chung-nhan-hop-chuan-cat-nghien-theo-tcvn-92052012/,ok,
15987,dich-vu-chung-nhan-hop-chuan-gach-lat-xi-mang-theo-tcvn-60651995,https://knacert.com.vn/dich-vu/dich-vu-chung-nhan-hop-chuan-gach-lat-xi-mang-theo-tcvn-60651995/,ok,
15977,dich-vu-chung-nhan-hop-chuan-da-op-lat-tu-nhien-theo-tcvn-47322016,https://knacert.com.vn/dich-vu/dich-vu-chung-nhan-hop-chuan-da-op-lat-tu-nhien-theo-tcvn-47322016/,ok,
15967,chung-nhan-hop-chuan-kinh-phang-toi-nhiet-theo-tcvn-74552013,https://knacert.com.vn/dich-vu/chung-nhan-hop-chuan-kinh-phang-toi-nhiet-theo-tcvn-74552013/,ok,
15957,chung-nhan-hop-chuan-gach-be-tong-theo-tcvn-64772016,https://knacert.com.vn/dich-vu/chung-nhan-hop-chuan-gach-be-tong-theo-tcvn-64772016/,ok,
15944,nhan-dan-sinh-thai-eco-labelling-la-gi,https://knacert.com.vn/dich-vu/nhan-dan-sinh-thai-eco-labelling-la-gi/,ok,
15931,chung-nhan-huu-co-tai-sinh-regenerative-organic-certification,https://knacert.com.vn/dich-vu/chung-nhan-huu-co-tai-sinh-regenerative-organic-certification/,ok,
15921,chung-nhan-hop-quy-gioi-han-ham-luong-chi-trong-son-theo-qcvn-082020bct,https://knacert.com.vn/dich-vu/chung-nhan-hop-quy-gioi-han-ham-luong-chi-trong-son-theo-qcvn-082020bct/,ok,
15885,dich-vu-chung-nhan-hop-chuan-gach-terazo-theo-tcvn-77442013,https://knacert.com.vn/dich-vu/dich-vu-chung-nhan-hop-chuan-gach-terazo-theo-tcvn-77442013/,ok,
15862,dich-vu-chung-nhan-hop-chuan-kinh-noi-theo-tcvn-72182018,https://knacert.com.vn/dich-vu/dich-vu-chung-nhan-hop-chuan-kinh-noi-theo-tcvn-72182018/,ok,
15852,chung-nhan-hop-chuan-cua-so-va-cua-di-bang-khung-nhua-cung-u-pvc-theo-tcvn-74512004,https://knacert.com.vn/dich-vu/chung-nhan-hop-chuan-cua-so-va-cua-di-bang-khung-nhua-cung-u-pvc-theo-tcvn-74512004/,ok,
15845,chung-nhan-hop-chuan-gach-dac-dat-set-nung-theo-tcvn-14511998,https://knacert.com.vn/dich-vu/chung-nhan-hop-chuan-gach-dac-dat-set-nung-theo-tcvn-14511998/,ok,
15828,chung-nhan-gs-mark-cong-nhan-quoc-te,https://knacert.com.vn/dich-vu/chung-nhan-gs-mark-cong-nhan-quoc-te/,ok,
15773,chung-nhan-ul-mark,https://knacert.com.vn/dich-vu/chung-nhan-ul-mark/,ok,
15741,chung-nhan-ursa-hieu-ro-ve-danh-gia-nguon-cung-ung-co-trach-nhiem,https://knacert.com.vn/dich-vu/chung-nhan-ursa-hieu-ro-ve-danh-gia-nguon-cung-ung-co-trach-nhiem/,ok,
15725,chung-nhan-un-mark-cho-cac-hang-hoa-nguy-hiem,https://knacert.com.vn/dich-vu/chung-nhan-un-mark-cho-cac-hang-hoa-nguy-hiem/,ok,
15715,chung-nhan-ok-compost-cho-san-pham-co-kha-nang-phan-huy,https://knacert.com.vn/dich-vu/chung-nhan-ok-compost-cho-san-pham-co-kha-nang-phan-huy/,ok,
15708,tu-van-tieu-chuan-eti-sang-kien-thuong-mai-co-dao-duc,https://knacert.com.vn/dich-vu/tu-van-tieu-chuan-eti-sang-kien-thuong-mai-co-dao-duc/,ok,
15698,tieu-chuan-msc-chuong-trinh-quan-ly-chuoi-hanh-trinh-thuy-san,https://knacert.com.vn/dich-vu/tieu-chuan-msc-chuong-trinh-quan-ly-chuoi-hanh-trinh-thuy-san/,ok,
15688,tieu-chuan-sqf-2000-ve-an-toan-chat-luong-thuc-pham,https://knacert.com.vn/dich-vu/tieu-chuan-sqf-2000-ve-an-toan-chat-luong-thuc-pham/,ok,
15678,giay-chung-nhan-luu-hanh-tu-do-cfs,https://knacert.com.vn/dich-vu/giay-chung-nhan-luu-hanh-tu-do-cfs/,ok,
15662,dao-tao-chung-nhan-ecovadis-xep-hang-kinh-doanh-ben-vung,https://knacert.com.vn/dich-vu/dao-tao-chung-nhan-ecovadis-xep-hang-kinh-doanh-ben-vung/,ok,
15630,ma-so-duns-la-gi-dang-ki-ma-duns-cho-doanh-nghiep,https://knacert.com.vn/dich-vu/ma-so-duns-la-gi-dang-ki-ma-duns-cho-doanh-nghiep/,ok,
15620,dang-ki-chi-thi-reach-quy-dinh-quan-ly-hoa-chat-chau-au,https://knacert.com.vn/dich-vu/dang-ki-chi-thi-reach-quy-dinh-quan-ly-hoa-chat-chau-au/,ok,
15610,chung-nhan-gfsi-la-gi-sang-kien-an-toan-thuc-pham-toan-cau,https://knacert.com.vn/dich-vu/chung-nhan-gfsi-la-gi-sang-kien-an-toan-thuc-pham-toan-cau/,ok,
15585,dang-ky-fda-la-gi-thu-tuc-xin-giay-chung-nhan-fda,https://knacert.com.vn/dich-vu/dang-ky-fda-la-gi-thu-tuc-xin-giay-chung-nhan-fda/,ok,
15575,tu-van-icti-hiep-hoi-quoc-te-ve-nganh-cong-nghiep-do-choi-da-xac-minh,https://knacert.com.vn/dich-vu/tu-van-icti-hiep-hoi-quoc-te-ve-nganh-cong-nghiep-do-choi-da-xac-minh/,ok,
15559,gsv-chuong-trinh-danh-gia-an-ninh-toan-cau,https://knacert.com.vn/dich-vu/gsv-chuong-trinh-danh-gia-an-ninh-toan-cau/,ok,
15549,bo-quy-tac-ung-xu-cho-nha-cung-cap-hang-hoa-cua-pvh,https://knacert.com.vn/dich-vu/bo-quy-tac-ung-xu-cho-nha-cung-cap-hang-hoa-cua-pvh/,ok,
15542,bo-quy-tac-ung-xu-cho-nha-cung-cap-hang-hoa-cua-costco,https://knacert.com.vn/dich-vu/bo-quy-tac-ung-xu-cho-nha-cung-cap-hang-hoa-cua-costco/,ok,
15535,bo-quy-tac-ung-xu-cho-nha-cung-cap-hang-hoa-cua-hm,https://knacert.com.vn/dich-vu/bo-quy-tac-ung-xu-cho-nha-cung-cap-hang-hoa-cua-hm/,ok,
15528,bo-quy-tac-ung-xu-cho-nha-cung-cap-hang-hoa-cua-mango,https://knacert.com.vn/dich-vu/bo-quy-tac-ung-xu-cho-nha-cung-cap-hang-hoa-cua-mango/,ok,
15521,bo-quy-tac-ung-xu-cho-cung-cap-hang-hoa-cua-ca,https://knacert.com.vn/dich-vu/bo-quy-tac-ung-xu-cho-cung-cap-hang-hoa-cua-ca/,ok,
15508,tieu-chuan-gmp-thuc-hanh-san-xuat-tot,https://knacert.com.vn/dich-vu/tieu-chuan-gmp-thuc-hanh-san-xuat-tot/,ok,
15495,tu-van-fairtrade-thuong-mai-cong-bang,https://knacert.com.vn/dich-vu/tu-van-fairtrade-thuong-mai-cong-bang/,ok,
15482,tu-van-tieu-chuan-fla-hiep-hoi-lao-dong-cong-bang,https://knacert.com.vn/dich-vu/tu-van-tieu-chuan-fla-hiep-hoi-lao-dong-cong-bang/,ok,
15472,tieu-chuan-oeko-tex-100-cho-san-pham-det-may,https://knacert.com.vn/dich-vu/tieu-chuan-oeko-tex-100-cho-san-pham-det-may/,ok,
15447,chung-nhan-tieu-chuan-iso-370012016-he-thong-quan-ly-chong-hoi-lo,https://knacert.com.vn/dich-vu/chung-nhan-tieu-chuan-iso-370012016-he-thong-quan-ly-chong-hoi-lo/,ok,
15430,tu-van-tieu-chuan-tapa-hiep-hoi-bao-ve-tai-san-van-chuyen,https://knacert.com.vn/dich-vu/tu-van-tieu-chuan-tapa-hiep-hoi-bao-ve-tai-san-van-chuyen/,ok,
15426,tu-van-asc-hoi-dong-quan-ly-nuoi-trong-thuy-san,https://knacert.com.vn/dich-vu/tu-van-asc-hoi-dong-quan-ly-nuoi-trong-thuy-san/,ok,
15419,tu-van-rws-tieu-chuan-len-co-trach-nhiem,https://knacert.com.vn/dich-vu/tu-van-rws-tieu-chuan-len-co-trach-nhiem/,ok,
15412,tieu-chuan-bonsucro-sang-kien-ve-mia-tuyet-voi,https://knacert.com.vn/dich-vu/tieu-chuan-bonsucro-sang-kien-ve-mia-tuyet-voi/,ok,
15405,tu-van-rtrs-hoi-nghi-ban-tron-ve-dau-nanh-co-trach-nhiem,https://knacert.com.vn/dich-vu/tu-van-rtrs-hoi-nghi-ban-tron-ve-dau-nanh-co-trach-nhiem/,ok,
15398,tu-van-gols-tieu-chuan-cao-su-huu-co-toan-cau,https://knacert.com.vn/dich-vu/tu-van-gols-tieu-chuan-cao-su-huu-co-toan-cau/,ok,
15391,tu-van-sfp-chuong-trinh-soi-ben-vung,https://knacert.com.vn/dich-vu/tu-van-sfp-chuong-trinh-soi-ben-vung/,ok,
15350,iso-28000-la-gi-thoi-co-va-nhung-thach-thuc-trong-quan-ly-an-ninh,https://knacert.com.vn/dich-vu/iso-28000-la-gi-thoi-co-va-nhung-thach-thuc-trong-quan-ly-an-ninh/,ok,
15242,chung-nhan-sa8000,https://knacert.com.vn/dich-vu/chung-nhan-sa8000/,ok,
15235,hop-quy-dau-nhon-dong-co-dot-trong,https://knacert.com.vn/dich-vu/hop-quy-dau-nhon-dong-co-dot-trong/,ok,
15225,chi-so-higg-index-va-hiep-hoi-may-mac-ben-vung,https://knacert.com.vn/dich-vu/chi-so-higg-index-va-hiep-hoi-may-mac-ben-vung/,ok,
15218,chung-nhan-rspo-hoi-nghi-ban-tron-ve-dau-co-ben-vung,https://knacert.com.vn/dich-vu/chung-nhan-rspo-hoi-nghi-ban-tron-ve-dau-co-ben-vung/,ok,
15189,tu-van-danh-gia-disney-ils-tieu-chuan-lao-dong-quoc-te,https://knacert.com.vn/dich-vu/tu-van-danh-gia-disney-ils-tieu-chuan-lao-dong-quoc-te/,ok,
15169,chuong-trinh-danh-gia-nha-may-cua-nha-cung-cap-vfe-fe,https://knacert.com.vn/dich-vu/chuong-trinh-danh-gia-nha-may-cua-nha-cung-cap-vfe-fe/,ok,
15162,thd-ser-tieu-chuan-trach-nhiem-xa-hoi-va-moi-truong,https://knacert.com.vn/dich-vu/thd-ser-tieu-chuan-trach-nhiem-xa-hoi-va-moi-truong/,ok,
15115,tu-van-danh-gia-wca-chuong-trinh-danh-gia-dieu-kien-lam-viec,https://knacert.com.vn/dich-vu/tu-van-danh-gia-wca-chuong-trinh-danh-gia-dieu-kien-lam-viec/,ok,
15017,hop-chuan-cot-dien-be-tong-cot-thep-ly-tam,https://knacert.com.vn/dich-vu/hop-chuan-cot-dien-be-tong-cot-thep-ly-tam/,ok,
15004,hop-chuan-thiet-bi-dun-nuoc-nong-bang-nang-luong-mat-troi,https://knacert.com.vn/dich-vu/hop-chuan-thiet-bi-dun-nuoc-nong-bang-nang-luong-mat-troi/,ok,
14988,dao-tao-chung-nhan-global-gap,https://knacert.com.vn/dich-vu/dao-tao-chung-nhan-global-gap/,ok,
14952,quan-ly-chat-luong-toan-dien-tqm,https://knacert.com.vn/dich-vu/quan-ly-chat-luong-toan-dien-tqm/,ok,
14942,dao-tao-danh-gia-better-work-trach-nhiem-xa-hoi-nganh-may-mac,https://knacert.com.vn/dich-vu/dao-tao-danh-gia-better-work-trach-nhiem-xa-hoi-nganh-may-mac/,ok,
14935,chung-nhan-hop-quy-xi-mang-clanhke,https://knacert.com.vn/dich-vu/chung-nhan-hop-quy-xi-mang-clanhke/,ok,
14928,chung-nhan-hop-chuan-be-tong-tuoi,https://knacert.com.vn/dich-vu/chung-nhan-hop-chuan-be-tong-tuoi/,ok,
14909,chung-nhan-hop-chuan-ban-ghe-hoc-sinh,https://knacert.com.vn/dich-vu/chung-nhan-hop-chuan-ban-ghe-hoc-sinh/,ok,
14899,chung-nhan-hop-quy-su-ve-sinh,https://knacert.com.vn/dich-vu/chung-nhan-hop-quy-su-ve-sinh/,ok,
14892,chung-nhan-hop-quy-thiet-bi-dien-dien-tu,https://knacert.com.vn/dich-vu/chung-nhan-hop-quy-thiet-bi-dien-dien-tu/,ok,
14885,dao-tao-chung-nhan-hop-chuan-den-led,https://knacert.com.vn/dich-vu/dao-tao-chung-nhan-hop-chuan-den-led/,ok,
14869,dao-tao-chung-nhan-kosher,https://knacert.com.vn/dich-vu/dao-tao-chung-nhan-kosher/,ok,
14862,chung-nhan-hop-quy-thuc-an-chan-nuoi,https://knacert.com.vn/dich-vu/chung-nhan-hop-quy-thuc-an-chan-nuoi/,ok,
14845,chung-nhan-hop-quy-giay-an-giay-ve-sinh,https://knacert.com.vn/dich-vu/chung-nhan-hop-quy-giay-an-giay-ve-sinh/,ok,
14835,dao-tao-chung-nhan-tieu-chuan-iso-26000,https://knacert.com.vn/dich-vu/dao-tao-chung-nhan-tieu-chuan-iso-26000/,ok,
14825,dao-tao-danh-gia-walmart,https://knacert.com.vn/dich-vu/dao-tao-danh-gia-walmart/,ok,
14821,danh-gia-tieu-chuan-wrap,https://knacert.com.vn/dich-vu/danh-gia-tieu-chuan-wrap/,ok,
14808,tu-van-danh-gia-eicc-rba-trach-nhiem-xa-hoi-trong-nganh-dien-tu,https://knacert.com.vn/dich-vu/tu-van-danh-gia-eicc-rba-trach-nhiem-xa-hoi-trong-nganh-dien-tu/,ok,
14752,dao-tao-chung-nhan-fsccocfm,https://knacert.com.vn/dich-vu/dao-tao-chung-nhan-fsccocfm/,ok,
14736,dao-tao-chung-nhan-iso-170252017,https://knacert.com.vn/dich-vu/dao-tao-chung-nhan-iso-170252017/,ok,
14732,chung-nhan-hop-quy-kinh-xay-dung,https://knacert.com.vn/dich-vu/chung-nhan-hop-quy-kinh-xay-dung/,ok,
14725,chung-nhan-hop-quy-san-pham-ong-nhua,https://knacert.com.vn/dich-vu/chung-nhan-hop-quy-san-pham-ong-nhua/,ok,
14718,chung-nhan-hop-quy-cat-va-da-xay-dung,https://knacert.com.vn/dich-vu/chung-nhan-hop-quy-cat-va-da-xay-dung/,ok,
14711,chung-nhan-hop-quy-det-may-theo-qcvn012017,https://knacert.com.vn/dich-vu/chung-nhan-hop-quy-det-may-theo-qcvn012017/,ok,
14676,hop-quy-san-pham-gach-da-op-lat,https://knacert.com.vn/dich-vu/hop-quy-san-pham-gach-da-op-lat/,ok,
14659,huan-luyen-an-toan-ve-sinh-lao-dong-nhom-6,https://knacert.com.vn/dich-vu/huan-luyen-an-toan-ve-sinh-lao-dong-nhom-6/,ok,
14535,huan-luyen-an-toan-ve-sinh-lao-dong-nhom-5,https://knacert.com.vn/dich-vu/huan-luyen-an-toan-ve-sinh-lao-dong-nhom-5/,ok,
14486,chung-nhan-iso-14001,https://knacert.com.vn/dich-vu/chung-nhan-iso-14001/,ok,
14476,dao-tao-chung-nhan-hop-quy-son,https://knacert.com.vn/dich-vu/dao-tao-chung-nhan-hop-quy-son/,ok,
14432,dao-tao-thuc-hanh-lean-manufacturing,https://knacert.com.vn/dich-vu/dao-tao-thuc-hanh-lean-manufacturing/,ok,
14425,huan-luyen-an-toan-ve-sinh-lao-dong-nhom-4,https://knacert.com.vn/dich-vu/huan-luyen-an-toan-ve-sinh-lao-dong-nhom-4/,ok,
14402,chung-nhan-hop-quy-phan-bon,https://knacert.com.vn/dich-vu/chung-nhan-hop-quy-phan-bon/,ok,
14385,huan-luyen-an-toan-ve-sinh-lao-dong-nhom-2,https://knacert.com.vn/dich-vu/huan-luyen-an-toan-ve-sinh-lao-dong-nhom-2/,ok,
14375,huan-luyen-an-toan-ve-sinh-lao-dong-nhom-1,https://knacert.com.vn/dich-vu/huan-luyen-an-toan-ve-sinh-lao-dong-nhom-1/,ok,
14368,khoa-hoc-huan-luyen-chung-chi-an-toan-lao-dong-theo-nd-44-moi-nhat,https://knacert.com.vn/dich-vu/khoa-hoc-huan-luyen-chung-chi-an-toan-lao-dong-theo-nd-44-moi-nhat/,ok,
14330,dao-tao-thuc-hanh-kaizen,https://knacert.com.vn/dich-vu/dao-tao-thuc-hanh-kaizen/,ok,
