"id","slug","link","title"
"28577","danh-gia-higg-fem","https://knacert.com.vn/dich-vu/danh-gia-higg-fem/","ĐÁNH GIÁ HIGG FEM"
"28223","chung-nhan-iso-27701","https://knacert.com.vn/dich-vu/chung-nhan-iso-27701/","Chứng Nhận ISO 27701"
"28133","bao-cao-esg-theo-tieu-chuan-gri","https://knacert.com.vn/dich-vu/bao-cao-esg-theo-tieu-chuan-gri/","BÁO CÁO ESG THEO TIÊU CHUẨN GRI"
"26177","responsible-recycling-tieu-chuan-tai-che-co-trach-nhiem-r2-2","https://knacert.com.vn/dich-vu/responsible-recycling-tieu-chuan-tai-che-co-trach-nhiem-r2-2/","Responsible Recycling: Tiêu chuẩn Tái chế có Trách nhiệm R2"
"22332","chung-nhan-en-15343","https://knacert.com.vn/dich-vu/chung-nhan-en-15343/","CHỨNG NHẬN EN 15343"
"19721","danh-gia-esg","https://knacert.com.vn/dich-vu/danh-gia-esg/","ĐÁNH GIÁ ESG"
"19595","khai-bao-cbam","https://knacert.com.vn/dich-vu/khai-bao-cbam/","KHAI BÁO CBAM"
"19562","xin-chao-copy","https://knacert.com.vn/dich-vu/xin-chao-copy/","CHỨNG NHẬN BIS"
"14567","chung-nhan-iso-9001","https://knacert.com.vn/dich-vu/chung-nhan-iso-9001/","Chứng Nhận ISO 9001:2015"
"19274","chung-nhan-eudr-nam-bat-co-hoi-xuat-khau-sang-chau-au","https://knacert.com.vn/dich-vu/chung-nhan-eudr-nam-bat-co-hoi-xuat-khau-sang-chau-au/","CHỨNG NHẬN EUDR"
"17112","dich-vu-kiem-ke-khi-nha-kinh","https://knacert.com.vn/dich-vu/dich-vu-kiem-ke-khi-nha-kinh/","DỊCH VỤ KIỂM KÊ KHÍ NHÀ KÍNH"
"17111","chung-nhan-bis-theo-chuong-trinh-isi-crs-scheme-x-cua-an-do-moi-nhat","https://knacert.com.vn/dich-vu/chung-nhan-bis-theo-chuong-trinh-isi-crs-scheme-x-cua-an-do-moi-nhat/","Chứng nhận BIS theo chương trình ISI & CRS & Scheme-X của Ấn Độ mới nhất"
"17107","dich-vu-chung-nhan-iso-223012019-cong-nhan-quoc-te","https://knacert.com.vn/dich-vu/dich-vu-chung-nhan-iso-223012019-cong-nhan-quoc-te/","Chứng nhận ISO 22301:2019"
"17082","chung-nhan-halal-cong-nhan-quoc-te","https://knacert.com.vn/dich-vu/chung-nhan-halal-cong-nhan-quoc-te/","Chứng nhận Halal"
"17075","dich-vu-chung-nhan-hop-chuan-cua-so-cua-di-theo-tcvn-va-astm","https://knacert.com.vn/dich-vu/dich-vu-chung-nhan-hop-chuan-cua-so-cua-di-theo-tcvn-va-astm/","Dịch vụ Chứng nhận hợp chuẩn Cửa sổ - Cửa đi theo TCVN và ASTM"
"17065","dich-vu-chung-nhan-hop-chuan-thep-thanh-van-theo-tcvn-1651-22018","https://knacert.com.vn/dich-vu/dich-vu-chung-nhan-hop-chuan-thep-thanh-van-theo-tcvn-1651-22018/","Dịch vụ Chứng nhận hợp chuẩn Thép thanh vằn theo TCVN 1651-2:2018"
"17049","dich-vu-chung-nhan-carb-p2-cong-nhan-quoc-te","https://knacert.com.vn/dich-vu/dich-vu-chung-nhan-carb-p2-cong-nhan-quoc-te/","DỊCH VỤ CHỨNG NHẬN CARB P2 – CÔNG NHẬN QUỐC TẾ"
"17030","dich-vu-chung-nhan-oeko-tex-100-cong-nhan-quoc-te","https://knacert.com.vn/dich-vu/dich-vu-chung-nhan-oeko-tex-100-cong-nhan-quoc-te/","DỊCH VỤ CHỨNG NHẬN OEKO-TEX 100 – CÔNG NHẬN QUỐC TẾ"
"17005","dich-vu-chung-nhan-sbp-cong-nhan-quoc-te","https://knacert.com.vn/dich-vu/dich-vu-chung-nhan-sbp-cong-nhan-quoc-te/","DỊCH VỤ CHỨNG NHẬN SBP – CÔNG NHẬN QUỐC TẾ"
"16998","chung-nhan-hop-chuan-muong-parabol-be-tong-cot-soi-theo-cecs-382004","https://knacert.com.vn/dich-vu/chung-nhan-hop-chuan-muong-parabol-be-tong-cot-soi-theo-cecs-382004/","Chứng nhận hợp chuẩn Mương parabol bê tông cốt sợi theo CECS 38:2004"
"16988","chung-nhan-hop-chuan-vua-cho-be-tong-nhe-theo-tcvn-90282011","https://knacert.com.vn/dich-vu/chung-nhan-hop-chuan-vua-cho-be-tong-nhe-theo-tcvn-90282011/","Chứng nhận hợp chuẩn Vữa cho bê tông nhẹ theo TCVN 9028:2011"
"16978","chung-nhan-hop-chuan-be-tong-thuy-cong-theo-tcvn-82182009","https://knacert.com.vn/dich-vu/chung-nhan-hop-chuan-be-tong-thuy-cong-theo-tcvn-82182009/","Chứng nhận hợp chuẩn Bê tông thủy công theo TCVN 8218:2009"
"16968","chung-nhan-hop-chuan-ngoi-trang-men-theo-tcvn-71952002","https://knacert.com.vn/dich-vu/chung-nhan-hop-chuan-ngoi-trang-men-theo-tcvn-71952002/","Chứng nhận hợp chuẩn Ngói tráng men theo TCVN 7195:2002"
"16958","chung-nhan-hop-chuan-xi-mang-pooc-lang-trang-theo-tcvn-56912000","https://knacert.com.vn/dich-vu/chung-nhan-hop-chuan-xi-mang-pooc-lang-trang-theo-tcvn-56912000/","Chứng nhận hợp chuẩn Xi măng Poóc lăng trắng theo TCVN 5691:2000"
"16948","chung-nhan-hop-chuan-mat-duong-be-tong-nhua-bong-theo-tcvn-88192011","https://knacert.com.vn/dich-vu/chung-nhan-hop-chuan-mat-duong-be-tong-nhua-bong-theo-tcvn-88192011/","Chứng nhận hợp chuẩn Mặt đường bê tông nhựa bóng theo TCVN 8819:2011"
"16938","chung-nhan-hop-chuan-ong-nhua-chiu-nhiet-pp-r-theo-tieu-chuan-din","https://knacert.com.vn/dich-vu/chung-nhan-hop-chuan-ong-nhua-chiu-nhiet-pp-r-theo-tieu-chuan-din/","Chứng nhận hợp chuẩn Ống nhựa chịu nhiệt PP-R theo tiêu chuẩn DIN"
"16928","chung-nhan-hop-chuan-tam-xi-mang-soi-theo-tcvn-82582009","https://knacert.com.vn/dich-vu/chung-nhan-hop-chuan-tam-xi-mang-soi-theo-tcvn-82582009/","Chứng nhận hợp chuẩn Tấm xi măng sợi theo TCVN 8258:2009"
"16918","chung-nhan-hop-chuan-thang-cap-mang-cap-theo-nema-ve-1-2017","https://knacert.com.vn/dich-vu/chung-nhan-hop-chuan-thang-cap-mang-cap-theo-nema-ve-1-2017/","Chứng nhận hợp chuẩn Thang cáp-Máng cáp theo NEMA VE 1-2017"
"16908","chung-nhan-hop-chuan-kinh-can-van-hoa-theo-tcvn-75272005","https://knacert.com.vn/dich-vu/chung-nhan-hop-chuan-kinh-can-van-hoa-theo-tcvn-75272005/","Chứng nhận hợp chuẩn Kính cán vân hoa theo TCVN 7527:2005"
"16898","chung-nhan-hop-chuan-bon-chua-nuoc-bang-thep-khong-gi-theo-tcvn-58341994","https://knacert.com.vn/dich-vu/chung-nhan-hop-chuan-bon-chua-nuoc-bang-thep-khong-gi-theo-tcvn-58341994/","Chứng nhận hợp chuẩn Bồn chứa nước bằng thép không gỉ theo TCVN 5834:1994"
"16891","chung-nhan-hop-chuan-cua-so-cua-di-theo-tcvn-60251995","https://knacert.com.vn/dich-vu/chung-nhan-hop-chuan-cua-so-cua-di-theo-tcvn-60251995/","Chứng nhận hợp chuẩn Cửa sổ - Cửa đi theo TCVN và ASTM"
"16881","chung-nhan-hop-chuan-ta-vet-be-tong-du-ung-luc-theo-bs-en-13230-22016","https://knacert.com.vn/dich-vu/chung-nhan-hop-chuan-ta-vet-be-tong-du-ung-luc-theo-bs-en-13230-22016/","Chứng nhận hợp chuẩn Tà vẹt bê tông dự ứng lực theo BS EN 13230-2:2016"
"16871","chung-nhan-hop-chuan-gach-granito-theo-tcvn-60741995","https://knacert.com.vn/dich-vu/chung-nhan-hop-chuan-gach-granito-theo-tcvn-60741995/","Chứng nhận hợp chuẩn Gạch Granito theo TCVN 6074:1995"
"16861","chung-nhan-hop-chuan-vua-chen-cap-du-ung-luc-theo-tcvn-119712018","https://knacert.com.vn/dich-vu/chung-nhan-hop-chuan-vua-chen-cap-du-ung-luc-theo-tcvn-119712018/","Chứng nhận hợp chuẩn Vữa chèn cáp dự ứng lực theo TCVN 11971:2018"
"16851","chung-nhan-hop-chuan-phu-gia-hoa-hoc-cho-be-tong-theo-tcvn-88262011","https://knacert.com.vn/dich-vu/chung-nhan-hop-chuan-phu-gia-hoa-hoc-cho-be-tong-theo-tcvn-88262011/","Chứng nhận hợp chuẩn Phụ gia hóa học cho bê tông theo TCVN 8826:2011"
"16835","chung-nhan-scs-recycled-chung-nhan-duoc-cong-nhan-toan-cau","https://knacert.com.vn/dich-vu/chung-nhan-scs-recycled-chung-nhan-duoc-cong-nhan-toan-cau/","Chứng nhận SCS Recycled - Chứng nhận Được công nhận Toàn Cầu"
"16816","danh-gia-tisax-an-toan-thong-tin-trong-nganh-oto","https://knacert.com.vn/dich-vu/danh-gia-tisax-an-toan-thong-tin-trong-nganh-oto/","Đánh Giá Tisax - An toàn Thông tin Trong Ngành OTO"
"16806","chung-nhan-hop-chuan-vai-dia-ky-thuat-theo-tcvn-98442013","https://knacert.com.vn/dich-vu/chung-nhan-hop-chuan-vai-dia-ky-thuat-theo-tcvn-98442013/","Chứng nhận hợp chuẩn Vải địa kỹ thuật theo TCVN 9844:2013"
"16796","chung-nhan-hop-chuan-san-pham-chiu-lua-theo-tcvn","https://knacert.com.vn/dich-vu/chung-nhan-hop-chuan-san-pham-chiu-lua-theo-tcvn/","Chứng nhận hợp chuẩn Sản phẩm chịu lửa theo TCVN"
"16786","chung-nhan-hop-chuan-thep-hinh-can-nong-theo-tcvn-7571","https://knacert.com.vn/dich-vu/chung-nhan-hop-chuan-thep-hinh-can-nong-theo-tcvn-7571/","Chứng nhận hợp chuẩn Thép hình cán nóng theo TCVN 7571"
"16773","chung-nhan-rms-cong-nhan-quoc-te","https://knacert.com.vn/dich-vu/chung-nhan-rms-cong-nhan-quoc-te/","Chứng Nhận RMS – Công Nhận Quốc Tế"
"16754","dich-vu-danh-gia-grasp-cong-nhan-quoc-te","https://knacert.com.vn/dich-vu/dich-vu-danh-gia-grasp-cong-nhan-quoc-te/","Dịch vụ Đánh Giá GRASP – Công Nhận Quốc Tế"
"16735","chung-nhan-ras-cong-nhan-quoc-te","https://knacert.com.vn/dich-vu/chung-nhan-ras-cong-nhan-quoc-te/","Chứng Nhận RAS - Công Nhận Quốc Tế"
"16725","chung-nhan-hop-chuan-ong-thep-cung-theo-jis-c-83052019","https://knacert.com.vn/dich-vu/chung-nhan-hop-chuan-ong-thep-cung-theo-jis-c-83052019/","Chứng nhận hợp chuẩn Ống thép cứng theo JIS C 8305:2019"
"16715","chung-nhan-hop-chuan-khoa-cua-co-tay-nam-theo-tcvn-57621993","https://knacert.com.vn/dich-vu/chung-nhan-hop-chuan-khoa-cua-co-tay-nam-theo-tcvn-57621993/","Chứng nhận hợp chuẩn Khóa cửa có tay nắm theo TCVN 5762:1993"
"16705","chung-nhan-hop-chuan-van-mdf-theo-tcvn-77532007","https://knacert.com.vn/dich-vu/chung-nhan-hop-chuan-van-mdf-theo-tcvn-77532007/","Chứng nhận hợp chuẩn Ván MDF theo TCVN 7753:2007"
"16695","chung-nhan-hop-chuan-kinh-hop-gan-kin-cach-nhiet-theo-tcvn-82602009","https://knacert.com.vn/dich-vu/chung-nhan-hop-chuan-kinh-hop-gan-kin-cach-nhiet-theo-tcvn-82602009/","Chứng nhận hợp chuẩn Kính hộp gắn kín cách nhiệt theo TCVN 8260:2009"
"16685","chung-nhan-hop-quy-thiet-bi-dau-cuoi-theo-qcvn","https://knacert.com.vn/dich-vu/chung-nhan-hop-quy-thiet-bi-dau-cuoi-theo-qcvn/","Chứng nhận hợp quy Thiết bị đầu cuối theo QCVN"
"16675","chung-nhan-hop-chuan-be-tong-bot-va-be-tong-khi-chung-ap-theo-tcvn-90292017","https://knacert.com.vn/dich-vu/chung-nhan-hop-chuan-be-tong-bot-va-be-tong-khi-chung-ap-theo-tcvn-90292017/","Chứng nhận hợp chuẩn Bê tông bọt và bê tông khí chưng áp theo TCVN 9029:2017"
"16665","chung-nhan-hop-chuan-thep-khong-gi-thep-cacbon-theo-tcvn-103562017","https://knacert.com.vn/dich-vu/chung-nhan-hop-chuan-thep-khong-gi-thep-cacbon-theo-tcvn-103562017/","Chứng nhận hợp chuẩn Thép không gỉ - Thép Cacbon theo TCVN 10356:2017"
"16655","chung-nhan-hop-chuan-van-san-composite-go-nhua-theo-tcvn-113522016","https://knacert.com.vn/dich-vu/chung-nhan-hop-chuan-van-san-composite-go-nhua-theo-tcvn-113522016/","Chứng nhận hợp chuẩn Ván sản Composite gỗ nhựa theo TCVN 11352:2016"
"16645","chung-nhan-hop-chuan-ban-le-cua-theo-bs-en-19352002","https://knacert.com.vn/dich-vu/chung-nhan-hop-chuan-ban-le-cua-theo-bs-en-19352002/","Chứng nhận hợp chuẩn Bản lề cửa theo BS EN 1935:2002"
"16635","chung-nhan-hop-chuan-day-thep-vuot-nguoi-theo-tcvn-62881997","https://knacert.com.vn/dich-vu/chung-nhan-hop-chuan-day-thep-vuot-nguoi-theo-tcvn-62881997/","Chứng nhận hợp chuẩn Dây thép vuốt nguội theo TCVN 6288:1997"
"16625","chung-nhan-hop-chuan-voi-canxi-cho-xay-dung-theo-tcvn-22312016","https://knacert.com.vn/dich-vu/chung-nhan-hop-chuan-voi-canxi-cho-xay-dung-theo-tcvn-22312016/","Chứng nhận hợp chuẩn Vôi canxi cho xây dựng theo TCVN 2231:2016"
"16615","chung-nhan-hop-chuan-xi-hat-lo-cao-dung-de-san-xuat-xi-mang-theo-tcvn-43152007","https://knacert.com.vn/dich-vu/chung-nhan-hop-chuan-xi-hat-lo-cao-dung-de-san-xuat-xi-mang-theo-tcvn-43152007/","Chứng nhận hợp chuẩn Xỉ hạt lò cao dùng để sản xuất xi măng theo TCVN 4315:2007"
"16605","chung-nhan-hop-chuan-tam-3d-dung-trong-xay-dung-theo-tcvn-7575-12007","https://knacert.com.vn/dich-vu/chung-nhan-hop-chuan-tam-3d-dung-trong-xay-dung-theo-tcvn-7575-12007/","Chứng nhận hợp chuẩn Tấm 3D dùng trong xây dựng theo TCVN 7575-1:2007"
"16595","chung-nhan-hop-chuan-lop-mong-cap-phoi-da-dam-theo-tcvn-88592011","https://knacert.com.vn/dich-vu/chung-nhan-hop-chuan-lop-mong-cap-phoi-da-dam-theo-tcvn-88592011/","Chứng nhận hợp chuẩn Lớp móng cấp phối đá dăm theo TCVN 8859:2011"
"16585","chung-nhan-hop-chuan-vua-xay-dung-theo-tcvn-43142003","https://knacert.com.vn/dich-vu/chung-nhan-hop-chuan-vua-xay-dung-theo-tcvn-43142003/","Chứng nhận hợp chuẩn Vữa xây dựng theo TCVN 4314:2003"
"16575","chung-nhan-hop-chuan-ong-nhua-gan-xoan-hdpe-theo-tcvn-90702012","https://knacert.com.vn/dich-vu/chung-nhan-hop-chuan-ong-nhua-gan-xoan-hdpe-theo-tcvn-90702012/","Chứng nhận hợp chuẩn Ống nhựa gân xoắn HDPE theo TCVN 9070:2012"
"16565","chung-nhan-hop-chuan-san-pham-su-ve-sinh-theo-tcvn-60732005","https://knacert.com.vn/dich-vu/chung-nhan-hop-chuan-san-pham-su-ve-sinh-theo-tcvn-60732005/","Chứng nhận hợp chuẩn Sản phẩm sứ vệ sinh theo TCVN 6073:2005"
"16555","chung-nhan-hop-chuan-tam-san-hop-be-tong-cot-thep-theo-tcvn-22761991","https://knacert.com.vn/dich-vu/chung-nhan-hop-chuan-tam-san-hop-be-tong-cot-thep-theo-tcvn-22761991/","Chứng nhận hợp chuẩn Tấm sàn hộp bê tông cốt thép theo TCVN 2276:1991"
"16545","chung-nhan-hop-chuan-tam-song-amiang-xi-mang-theo-tcvn-44342000","https://knacert.com.vn/dich-vu/chung-nhan-hop-chuan-tam-song-amiang-xi-mang-theo-tcvn-44342000/","Chứng nhận hợp chuẩn Tấm sóng amiăng xi măng theo TCVN 4434:2000"
"16535","chung-nhan-hop-chuan-tam-thach-cao-theo-tcvn-82562009","https://knacert.com.vn/dich-vu/chung-nhan-hop-chuan-tam-thach-cao-theo-tcvn-82562009/","Chứng nhận hợp chuẩn Tấm thạch cao theo TCVN 8256:2009"
"16525","chung-nhan-hop-chuan-ngoi-xi-mang-ep-theo-jis-a-54022002","https://knacert.com.vn/dich-vu/chung-nhan-hop-chuan-ngoi-xi-mang-ep-theo-jis-a-54022002/","Chứng nhận hợp chuẩn Ngói xi măng ép theo JIS A 5402:2002"
"16515","chung-nhan-hop-chuan-kinh-cot-luoi-thep-theo-tcvn-74562004","https://knacert.com.vn/dich-vu/chung-nhan-hop-chuan-kinh-cot-luoi-thep-theo-tcvn-74562004/","Chứng nhận hợp chuẩn Kính cốt lưới thép theo TCVN 7456:2004"
"16505","chung-nhan-hop-chuan-ngoi-mau-xi-mang-cat-theo-tcvn-14531986","https://knacert.com.vn/dich-vu/chung-nhan-hop-chuan-ngoi-mau-xi-mang-cat-theo-tcvn-14531986/","Chứng nhận hợp chuẩn Ngói màu xi măng cát theo TCVN 1453:1986"
"16495","chung-nhan-hop-chuan-bot-mau-xay-dung-theo-tcvn-56961992","https://knacert.com.vn/dich-vu/chung-nhan-hop-chuan-bot-mau-xay-dung-theo-tcvn-56961992/","Chứng nhận hợp chuẩn Bột màu xây dựng theo TCVN 5696:1992"
"16485","chung-nhan-hop-chuan-gach-canxi-silicat-theo-tcvn-21181994","https://knacert.com.vn/dich-vu/chung-nhan-hop-chuan-gach-canxi-silicat-theo-tcvn-21181994/","Chứng nhận hợp chuẩn Gạch canxi silicat theo TCVN 2118:1994"
"16475","dich-vu-chung-nhan-hop-chuan-tro-bay-theo-tcvn-103022014","https://knacert.com.vn/dich-vu/dich-vu-chung-nhan-hop-chuan-tro-bay-theo-tcvn-103022014/","Dịch vụ Chứng nhận hợp chuẩn Tro bay theo TCVN 10302:2014"
"16465","chung-nhan-hop-chuan-xi-mang-xay-trat-theo-tcvn-92022012","https://knacert.com.vn/dich-vu/chung-nhan-hop-chuan-xi-mang-xay-trat-theo-tcvn-92022012/","Chứng nhận hợp chuẩn Xi măng xây trát theo TCVN 9202:2012"
"16458","chung-nhan-hop-chuan-phu-gia-hoa-hoc-cho-be-tong-theo-astm-c494","https://knacert.com.vn/dich-vu/chung-nhan-hop-chuan-phu-gia-hoa-hoc-cho-be-tong-theo-astm-c494/","Chứng nhận hợp chuẩn Phụ gia hóa học cho bê tông theo ASTM C494"
"16448","chung-nhan-hop-chuan-cop-pha-nhua-dung-cho-be-tong-theo-tcvn-7690-2005","https://knacert.com.vn/dich-vu/chung-nhan-hop-chuan-cop-pha-nhua-dung-cho-be-tong-theo-tcvn-7690-2005/","Chứng nhận hợp chuẩn Cốp pha nhựa dùng cho bê tông theo TCVN 7690: 2005"
"16438","chung-nhan-hop-chuan-gach-gom-op-lat-ep-ban-kho-theo-tcvn-77452007","https://knacert.com.vn/dich-vu/chung-nhan-hop-chuan-gach-gom-op-lat-ep-ban-kho-theo-tcvn-77452007/","Chứng nhận hợp chuẩn Gạch gốm Ốp lát ép bán khô theo TCVN 7745:2007"
"16428","chung-nhan-hop-chuan-hon-hop-be-tong-tron-san-theo-tcvn-93402012","https://knacert.com.vn/dich-vu/chung-nhan-hop-chuan-hon-hop-be-tong-tron-san-theo-tcvn-93402012/","Chứng nhận hợp chuẩn Hỗn hợp bê tông trộn sẵn theo TCVN 9340:2012"
"16418","chung-nhan-hop-chuan-keo-dan-gach-theo-tcvn","https://knacert.com.vn/dich-vu/chung-nhan-hop-chuan-keo-dan-gach-theo-tcvn/","Chứng nhận hợp chuẩn Keo dán gạch theo TCVN"
"16402","chung-nhan-gmp-cong-nhan-quoc-te","https://knacert.com.vn/dich-vu/chung-nhan-gmp-cong-nhan-quoc-te/","Chứng Nhận GMP"
"16392","chung-nhan-hop-chuan-mang-boc-pvc-theo-tcvn-58201994","https://knacert.com.vn/dich-vu/chung-nhan-hop-chuan-mang-boc-pvc-theo-tcvn-58201994/","Chứng nhận hợp chuẩn Màng bọc PVC theo TCVN 5820:1994"
"16382","chung-nhan-hop-chuan-vat-lieu-chong-tham-tam-cpe-theo-tcvn-94082014","https://knacert.com.vn/dich-vu/chung-nhan-hop-chuan-vat-lieu-chong-tham-tam-cpe-theo-tcvn-94082014/","Chứng nhận hợp chuẩn Vật liệu chống thấm (tấm CPE) theo TCVN 9408:2014"
"16372","chung-nhan-hop-chuan-vua-va-be-tong-chiu-axit-theo-tcvn-90342011","https://knacert.com.vn/dich-vu/chung-nhan-hop-chuan-vua-va-be-tong-chiu-axit-theo-tcvn-90342011/","Chứng nhận hợp chuẩn Vữa và bê tông chịu axit theo TCVN 9034:2011"
"16362","chung-nhan-hop-chuan-kinh-phu-buc-xa-thap-theo-tcvn-98082013","https://knacert.com.vn/dich-vu/chung-nhan-hop-chuan-kinh-phu-buc-xa-thap-theo-tcvn-98082013/","Chứng nhận hợp chuẩn Kính phủ bức xạ thấp theo TCVN 9808:2013"
"16355","chung-nhan-hop-chuan-tam-pvc-theo-tcvn-58191994","https://knacert.com.vn/dich-vu/chung-nhan-hop-chuan-tam-pvc-theo-tcvn-58191994/","Chứng nhận hợp chuẩn Tấm PVC theo TCVN 5819:1994"
"16345","chung-nhan-hop-chuan-tam-lop-bitum-dang-song-theo-tcvn-8052-12009","https://knacert.com.vn/dich-vu/chung-nhan-hop-chuan-tam-lop-bitum-dang-song-theo-tcvn-8052-12009/","Chứng nhận hợp chuẩn Tấm lợp bitum dạng sóng theo TCVN 8052-1:2009"
"16335","chung-nhan-hop-chuan-vat-lieu-chong-tham-goc-xi-mang-polymer-theo-bs-en-14891","https://knacert.com.vn/dich-vu/chung-nhan-hop-chuan-vat-lieu-chong-tham-goc-xi-mang-polymer-theo-bs-en-14891/","Chứng nhận hợp chuẩn Vật liệu chống thấm gốc xi măng - Polymer theo BS EN 14891"
"16325","chung-nhan-hop-chuan-vai-thuy-tinh-theo-tcvn-80582009","https://knacert.com.vn/dich-vu/chung-nhan-hop-chuan-vai-thuy-tinh-theo-tcvn-80582009/","Chứng nhận hợp chuẩn Vải thủy tinh theo TCVN 8058:2009"
"16315","chung-nhan-hop-chuan-son-va-chat-mau-theo-tcvn","https://knacert.com.vn/dich-vu/chung-nhan-hop-chuan-son-va-chat-mau-theo-tcvn/","Chứng nhận hợp chuẩn Sơn và chất màu theo TCVN"
"16305","chung-nhan-hop-chuan-ngoi-gom-trang-men-theo-tcvn-91332011","https://knacert.com.vn/dich-vu/chung-nhan-hop-chuan-ngoi-gom-trang-men-theo-tcvn-91332011/","Chứng nhận hợp chuẩn Ngói gốm tráng men theo TCVN 9133:2011"
"16295","chung-nhan-hop-chuan-thep-hinh-can-nong-thep-goc-canh-deu-theo-tcvn-7571-22019","https://knacert.com.vn/dich-vu/chung-nhan-hop-chuan-thep-hinh-can-nong-thep-goc-canh-deu-theo-tcvn-7571-22019/","Chứng nhận hợp chuẩn Thép hình cán nóng — Thép góc cạnh đều theo TCVN 7571-2:2019"
"16285","chung-nhan-hop-chuan-xi-mang-pooc-lang-theo-tcvn-26822009","https://knacert.com.vn/dich-vu/chung-nhan-hop-chuan-xi-mang-pooc-lang-theo-tcvn-26822009/","Chứng nhận hợp chuẩn Xi măng Poóc lăng theo TCVN 2682:2009"
"16260","chung-nhan-iso-14064","https://knacert.com.vn/dich-vu/chung-nhan-iso-14064/","THẨM TRA ISO 14064-1:2018"
"16253","chung-nhan-hop-chuan-ong-cong-be-tong-theo-astm-c76m","https://knacert.com.vn/dich-vu/chung-nhan-hop-chuan-ong-cong-be-tong-theo-astm-c76m/","Chứng nhận hợp chuẩn Ống cống bê tông theo ASTM C76M"
"16243","chung-nhan-hop-chuan-xi-mang-pooc-lang-ben-sunphat-theo-tcvn-60672004","https://knacert.com.vn/dich-vu/chung-nhan-hop-chuan-xi-mang-pooc-lang-ben-sunphat-theo-tcvn-60672004/","Chứng nhận hợp chuẩn Xi măng Poóc lăng bền Sunphat theo TCVN 6067:2004"
"16236","chung-nhan-hop-chuan-cot-lieu-lon-tai-che-cho-be-tong-theo-tcvn-119692018","https://knacert.com.vn/dich-vu/chung-nhan-hop-chuan-cot-lieu-lon-tai-che-cho-be-tong-theo-tcvn-119692018/","Chứng nhận hợp chuẩn Cốt liệu lớn tái chế cho bê tông theo TCVN 11969:2018"
"16226","chung-nhan-hop-chuan-kinh-dan-nhieu-lop-va-kinh-dan-an-toan-theo-tcvn-73642018","https://knacert.com.vn/dich-vu/chung-nhan-hop-chuan-kinh-dan-nhieu-lop-va-kinh-dan-an-toan-theo-tcvn-73642018/","Chứng nhận hợp chuẩn Kính dán nhiều lớp và kính dán an toàn theo TCVN 7364:2018"
"16216","chung-nhan-hop-chuan-kinh-guong-trang-bac-theo-tcvn-76242007","https://knacert.com.vn/dich-vu/chung-nhan-hop-chuan-kinh-guong-trang-bac-theo-tcvn-76242007/","Chứng nhận hợp chuẩn Kính gương tráng bạc theo TCVN 7624:2007"
"16209","chung-nhan-hop-chuan-xi-mang-pooc-lang-hon-hop-ben-sun-phat-theo-tcvn-77112009","https://knacert.com.vn/dich-vu/chung-nhan-hop-chuan-xi-mang-pooc-lang-hon-hop-ben-sun-phat-theo-tcvn-77112009/","Chứng nhận hợp chuẩn Xi măng Poóc lăng hỗn hợp bền sun phát theo TCVN 7711:2009"
"16199","chung-nhan-hop-chuan-da-op-lat-nhan-tao-tren-co-so-chat-ket-dinh-theo-tcvn-80572009","https://knacert.com.vn/dich-vu/chung-nhan-hop-chuan-da-op-lat-nhan-tao-tren-co-so-chat-ket-dinh-theo-tcvn-80572009/","Chứng nhận hợp chuẩn Đá ộp lát nhân tạo trên cơ sở chất kết dính theo TCVN 8057:2009"
"16189","chung-nhan-hop-chuan-thach-cao-phospho-dung-de-san-xuat-xi-mang-theo-tcvn-118332017","https://knacert.com.vn/dich-vu/chung-nhan-hop-chuan-thach-cao-phospho-dung-de-san-xuat-xi-mang-theo-tcvn-118332017/","Chứng nhận hợp chuẩn Thạch cao Phospho dùng để sản xuất xi măng theo TCVN 11833:2017"
"16173","chung-nhan-enplus","https://knacert.com.vn/dich-vu/chung-nhan-enplus/","CHỨNG NHẬN ENPLUS VIÊN NÉN GỖ"
"16163","dich-vu-chung-nhan-hop-chuan-gach-op-lat-theo-tcvn-71322002","https://knacert.com.vn/dich-vu/dich-vu-chung-nhan-hop-chuan-gach-op-lat-theo-tcvn-71322002/","Dịch vụ Chứng nhận hợp chuẩn Gạch ốp lát theo TCVN 7132:2002"
"16153","chung-nhan-hop-chuan-xi-mang-pooc-lang-ben-sun-phat-theo-tcvn-60762009","https://knacert.com.vn/dich-vu/chung-nhan-hop-chuan-xi-mang-pooc-lang-ben-sun-phat-theo-tcvn-60762009/","Chứng nhận hợp chuẩn Xi măng Poóc lăng bền sun phát theo TCVN 6076:2009"
"16143","chung-nhan-hop-chuan-san-pham-be-tong-khi-chung-ap-theo-tcvn-79592017","https://knacert.com.vn/dich-vu/chung-nhan-hop-chuan-san-pham-be-tong-khi-chung-ap-theo-tcvn-79592017/","Chứng nhận hợp chuẩn Sản phẩm bê tông khí chưng áp theo TCVN 7959:2017"
"16133","chung-nhan-hop-chuan-gach-gom-op-lat-ep-dun-deo-theo-tcvn-74832005","https://knacert.com.vn/dich-vu/chung-nhan-hop-chuan-gach-gom-op-lat-ep-dun-deo-theo-tcvn-74832005/","Chứng nhận hợp chuẩn Gạch gốm ốp lát ép đùn dẻo theo TCVN 7483:2005"
"16123","chung-nhan-hop-chuan-xi-mang-pooc-lang-hon-hop-theo-tcvn-62602009","https://knacert.com.vn/dich-vu/chung-nhan-hop-chuan-xi-mang-pooc-lang-hon-hop-theo-tcvn-62602009/","Chứng nhận hợp chuẩn Xi măng Poóc lăng hỗn hợp theo TCVN 6260:2009"
"16113","chung-nhan-hop-chuan-ong-be-tong-cot-thep-thoat-nuoc-theo-tcvn-91132012","https://knacert.com.vn/dich-vu/chung-nhan-hop-chuan-ong-be-tong-cot-thep-thoat-nuoc-theo-tcvn-91132012/","Chứng nhận hợp chuẩn Ống bê tông cốt thép thoát nước theo TCVN 9113:2012"
"16103","chung-nhan-hop-chuan-cot-dien-be-tong-cot-thep-ly-tam-theo-tcvn-58472016","https://knacert.com.vn/dich-vu/chung-nhan-hop-chuan-cot-dien-be-tong-cot-thep-ly-tam-theo-tcvn-58472016/","Chứng nhận hợp chuẩn Cột điện bê tông cốt thép ly tâm theo TCVN 5847:2016"
"16090","chung-nhan-khong-chat-thai-cua-scs-zero-waste-certification","https://knacert.com.vn/dich-vu/chung-nhan-khong-chat-thai-cua-scs-zero-waste-certification/","Chứng nhận Không chất thải của SCS – Zero Waste Certification"
"16080","chung-nhan-iscc-ve-nang-luong-sinh-hoc-va-sinh-khoi","https://knacert.com.vn/dich-vu/chung-nhan-iscc-ve-nang-luong-sinh-hoc-va-sinh-khoi/","Chứng nhận ISCC về Năng lượng sinh học và sinh khối"
"16070","chung-nhan-san-pham-ms-cua-malaysia-product-certification","https://knacert.com.vn/dich-vu/chung-nhan-san-pham-ms-cua-malaysia-product-certification/","Chứng nhận sản phẩm MS của Malaysia - Product Certification"
"16060","dich-vu-chung-nhan-hop-chuan-phu-gia-khoang-cho-xi-mang-theo-tcvn-68822001","https://knacert.com.vn/dich-vu/dich-vu-chung-nhan-hop-chuan-phu-gia-khoang-cho-xi-mang-theo-tcvn-68822001/","Dịch vụ Chứng nhận hợp chuẩn Phụ gia khoáng cho xi măng theo TCVN 6882:2001"
"16050","dich-vu-chung-nhan-hop-chuan-son-tuong-dang-nhu-tuong-theo-tcvn-86522012","https://knacert.com.vn/dich-vu/dich-vu-chung-nhan-hop-chuan-son-tuong-dang-nhu-tuong-theo-tcvn-86522012/","Dịch vụ Chứng nhận hợp chuẩn Sơn tường dạng nhũ tương theo TCVN 8652:2012"
"16040","dich-vu-chung-nhan-hop-chuan-van-go-dan-theo-tcvn-77552007","https://knacert.com.vn/dich-vu/dich-vu-chung-nhan-hop-chuan-van-go-dan-theo-tcvn-77552007/","Dịch vụ Chứng nhận hợp chuẩn Ván gỗ dán theo TCVN 7755:2007"
"16030","dich-vu-chung-nhan-hop-chuan-coc-van-thep-can-nong-theo-tcvn-96852013","https://knacert.com.vn/dich-vu/dich-vu-chung-nhan-hop-chuan-coc-van-thep-can-nong-theo-tcvn-96852013/","Dịch vụ Chứng nhận hợp chuẩn Cọc ván thép cán nóng theo TCVN 9685:2013"
"16020","dich-vu-chung-nhan-hop-chuan-gach-be-tong-tu-chen-theo-tcvn-64761999","https://knacert.com.vn/dich-vu/dich-vu-chung-nhan-hop-chuan-gach-be-tong-tu-chen-theo-tcvn-64761999/","Dịch vụ Chứng nhận hợp chuẩn Gạch bê tông tự chèn theo TCVN 6476:1999"
"16010","dich-vu-chung-nhan-hop-chuan-gach-rong-dat-set-nung-theo-tcvn-14502009","https://knacert.com.vn/dich-vu/dich-vu-chung-nhan-hop-chuan-gach-rong-dat-set-nung-theo-tcvn-14502009/","Dịch vụ Chứng nhận hợp chuẩn Gạch rỗng đất sét nung theo TCVN 1450:2009"
"15997","dich-vu-chung-nhan-hop-chuan-cat-nghien-theo-tcvn-92052012","https://knacert.com.vn/dich-vu/dich-vu-chung-nhan-hop-chuan-cat-nghien-theo-tcvn-92052012/","Dịch vụ Chứng nhận hợp chuẩn Cát nghiền theo TCVN 9205:2012"
"15987","dich-vu-chung-nhan-hop-chuan-gach-lat-xi-mang-theo-tcvn-60651995","https://knacert.com.vn/dich-vu/dich-vu-chung-nhan-hop-chuan-gach-lat-xi-mang-theo-tcvn-60651995/","Dịch vụ Chứng nhận hợp chuẩn Gạch lát xi măng theo TCVN 6065:1995"
"15977","dich-vu-chung-nhan-hop-chuan-da-op-lat-tu-nhien-theo-tcvn-47322016","https://knacert.com.vn/dich-vu/dich-vu-chung-nhan-hop-chuan-da-op-lat-tu-nhien-theo-tcvn-47322016/","Dịch vụ Chứng nhận hợp chuẩn Đá ốp lát tự nhiên theo TCVN 4732:2016"
"15967","chung-nhan-hop-chuan-kinh-phang-toi-nhiet-theo-tcvn-74552013","https://knacert.com.vn/dich-vu/chung-nhan-hop-chuan-kinh-phang-toi-nhiet-theo-tcvn-74552013/","Chứng nhận hợp chuẩn Kính phẳng tôi nhiệt theo TCVN 7455:2013"
"15957","chung-nhan-hop-chuan-gach-be-tong-theo-tcvn-64772016","https://knacert.com.vn/dich-vu/chung-nhan-hop-chuan-gach-be-tong-theo-tcvn-64772016/","Dịch vụ Chứng nhận hợp chuẩn Gạch bê tông theo TCVN 6477:2016"
"15944","nhan-dan-sinh-thai-eco-labelling-la-gi","https://knacert.com.vn/dich-vu/nhan-dan-sinh-thai-eco-labelling-la-gi/","Nhãn dán sinh thái Eco labelling là gì?"
"15931","chung-nhan-huu-co-tai-sinh-regenerative-organic-certification","https://knacert.com.vn/dich-vu/chung-nhan-huu-co-tai-sinh-regenerative-organic-certification/","Chứng nhận hữu cơ tái sinh - Regenerative Organic Certification"
"15921","chung-nhan-hop-quy-gioi-han-ham-luong-chi-trong-son-theo-qcvn-082020bct","https://knacert.com.vn/dich-vu/chung-nhan-hop-quy-gioi-han-ham-luong-chi-trong-son-theo-qcvn-082020bct/","Chứng nhận hợp quy Giới hạn hàm lượng chì trong sơn theo QCVN 08:2020/BCT"
"15905","chung-nhan-msc-cong-nhan-quoc-te","https://knacert.com.vn/dich-vu/chung-nhan-msc-cong-nhan-quoc-te/","Chứng nhận MSC"
"15892","chung-nhan-ifs-food-cong-nhan-quoc-te","https://knacert.com.vn/dich-vu/chung-nhan-ifs-food-cong-nhan-quoc-te/","Chứng nhận IFS Food"
"15885","dich-vu-chung-nhan-hop-chuan-gach-terazo-theo-tcvn-77442013","https://knacert.com.vn/dich-vu/dich-vu-chung-nhan-hop-chuan-gach-terazo-theo-tcvn-77442013/","Dịch vụ Chứng nhận hợp chuẩn Gạch Terazo theo TCVN 7744:2013"
"15866","chung-nhan-vietgap","https://knacert.com.vn/dich-vu/chung-nhan-vietgap/","Chứng Nhận VietGAP"
"15862","dich-vu-chung-nhan-hop-chuan-kinh-noi-theo-tcvn-72182018","https://knacert.com.vn/dich-vu/dich-vu-chung-nhan-hop-chuan-kinh-noi-theo-tcvn-72182018/","Dịch vụ Chứng nhận hợp chuẩn Kính nổi theo TCVN 7218:2018"
"15852","chung-nhan-hop-chuan-cua-so-va-cua-di-bang-khung-nhua-cung-u-pvc-theo-tcvn-74512004","https://knacert.com.vn/dich-vu/chung-nhan-hop-chuan-cua-so-va-cua-di-bang-khung-nhua-cung-u-pvc-theo-tcvn-74512004/","Chứng nhận hợp chuẩn Cửa sổ và cửa đi bằng khung nhựa cứng U-PVC theo TCVN 7451:2004"
"15845","chung-nhan-hop-chuan-gach-dac-dat-set-nung-theo-tcvn-14511998","https://knacert.com.vn/dich-vu/chung-nhan-hop-chuan-gach-dac-dat-set-nung-theo-tcvn-14511998/","Chứng nhận hợp chuẩn Gạch đặc đất sét nung theo TCVN 1451:1998"
"15835","chung-nhan-esd-tieu-chuan-chong-tinh-dien","https://knacert.com.vn/dich-vu/chung-nhan-esd-tieu-chuan-chong-tinh-dien/","Chứng Nhận ESD - Tiêu chuẩn chống tĩnh điện"
"15828","chung-nhan-gs-mark-cong-nhan-quoc-te","https://knacert.com.vn/dich-vu/chung-nhan-gs-mark-cong-nhan-quoc-te/","Chứng nhận GS Mark – Công nhận quốc tế"
"15815","nhan-v-dam-bao-chat-luong-cho-cac-san-pham-thuan-chay-va-an-chay","https://knacert.com.vn/dich-vu/nhan-v-dam-bao-chat-luong-cho-cac-san-pham-thuan-chay-va-an-chay/","Nhãn V-Label"
"15802","dau-ukca-danh-gia-su-phu-hop-cua-vuong-quoc-anh","https://knacert.com.vn/dich-vu/dau-ukca-danh-gia-su-phu-hop-cua-vuong-quoc-anh/","Dấu Chứng Nhận UKCA:  Đánh giá sự phù hợp của Vương quốc Anh"
"15773","chung-nhan-ul-mark","https://knacert.com.vn/dich-vu/chung-nhan-ul-mark/","Chứng Nhận UL Mark cho sản phẩm điện tử vào thị trường Mỹ, EU"
"15751","chung-nhan-tieu-chuan-jas-marking","https://knacert.com.vn/dich-vu/chung-nhan-tieu-chuan-jas-marking/","Chứng nhận JAS Marking: Tiêu chuẩn nông nghiệp Nhật Bản"
"15741","chung-nhan-ursa-hieu-ro-ve-danh-gia-nguon-cung-ung-co-trach-nhiem","https://knacert.com.vn/dich-vu/chung-nhan-ursa-hieu-ro-ve-danh-gia-nguon-cung-ung-co-trach-nhiem/","Chứng Nhận URSA - Hiểu rõ về Đánh giá nguồn cung ứng Có trách nhiệm"
"15725","chung-nhan-un-mark-cho-cac-hang-hoa-nguy-hiem","https://knacert.com.vn/dich-vu/chung-nhan-un-mark-cho-cac-hang-hoa-nguy-hiem/","Chứng nhận UN Mark cho các hàng hóa nguy hiểm"
"15715","chung-nhan-ok-compost-cho-san-pham-co-kha-nang-phan-huy","https://knacert.com.vn/dich-vu/chung-nhan-ok-compost-cho-san-pham-co-kha-nang-phan-huy/","Chứng nhận OK Compost cho sản phẩm có khả năng phân hủy"
"15708","tu-van-tieu-chuan-eti-sang-kien-thuong-mai-co-dao-duc","https://knacert.com.vn/dich-vu/tu-van-tieu-chuan-eti-sang-kien-thuong-mai-co-dao-duc/","Đánh giá ETI - Sáng Kiến Thương Mại Có Đạo Đức"
"15698","tieu-chuan-msc-chuong-trinh-quan-ly-chuoi-hanh-trinh-thuy-san","https://knacert.com.vn/dich-vu/tieu-chuan-msc-chuong-trinh-quan-ly-chuoi-hanh-trinh-thuy-san/","Tiêu chuẩn MSC - Chương trình quản lý chuỗi hành trình thủy sản"
"15688","tieu-chuan-sqf-2000-ve-an-toan-chat-luong-thuc-pham","https://knacert.com.vn/dich-vu/tieu-chuan-sqf-2000-ve-an-toan-chat-luong-thuc-pham/","Tiêu chuẩn SQF 2000"
"15678","giay-chung-nhan-luu-hanh-tu-do-cfs","https://knacert.com.vn/dich-vu/giay-chung-nhan-luu-hanh-tu-do-cfs/","GIẤY CHỨNG NHẬN CFS - GIẤY LƯU HÀNH TỰ DO CFS"
"15662","dao-tao-chung-nhan-ecovadis-xep-hang-kinh-doanh-ben-vung","https://knacert.com.vn/dich-vu/dao-tao-chung-nhan-ecovadis-xep-hang-kinh-doanh-ben-vung/","TƯ VẤN/ ĐÀO TẠO ECOVADIS"
"15646","chung-nhan-iso-500012018-he-thong-quan-ly-nang-luong","https://knacert.com.vn/dich-vu/chung-nhan-iso-500012018-he-thong-quan-ly-nang-luong/","Chứng Nhận ISO 50001:2018"
"15630","ma-so-duns-la-gi-dang-ki-ma-duns-cho-doanh-nghiep","https://knacert.com.vn/dich-vu/ma-so-duns-la-gi-dang-ki-ma-duns-cho-doanh-nghiep/","ĐĂNG KÝ MÃ DUNS"
"15620","dang-ki-chi-thi-reach-quy-dinh-quan-ly-hoa-chat-chau-au","https://knacert.com.vn/dich-vu/dang-ki-chi-thi-reach-quy-dinh-quan-ly-hoa-chat-chau-au/","Đăng kí Chỉ thị REACH - Quy định Quản lý Hóa chất Châu Âu"
"15610","chung-nhan-gfsi-la-gi-sang-kien-an-toan-thuc-pham-toan-cau","https://knacert.com.vn/dich-vu/chung-nhan-gfsi-la-gi-sang-kien-an-toan-thuc-pham-toan-cau/","CHỨNG NHẬN GFSI LÀ GÌ ? Sáng kiến An toàn Thực phẩm Toàn cầu"
"15585","dang-ky-fda-la-gi-thu-tuc-xin-giay-chung-nhan-fda","https://knacert.com.vn/dich-vu/dang-ky-fda-la-gi-thu-tuc-xin-giay-chung-nhan-fda/","Đăng ký FDA là gì ? Thủ tục xin giấy chứng nhận FDA"
"15575","tu-van-icti-hiep-hoi-quoc-te-ve-nganh-cong-nghiep-do-choi-da-xac-minh","https://knacert.com.vn/dich-vu/tu-van-icti-hiep-hoi-quoc-te-ve-nganh-cong-nghiep-do-choi-da-xac-minh/","ICTI - Hiệp hội Quốc tế về ngành Công Nghiệp đồ chơi ✅(Đã xác minh)"
"15559","gsv-chuong-trinh-danh-gia-an-ninh-toan-cau","https://knacert.com.vn/dich-vu/gsv-chuong-trinh-danh-gia-an-ninh-toan-cau/","GSV - Chương Trình Đánh Giá An Ninh Toàn Cầu"
"15549","bo-quy-tac-ung-xu-cho-nha-cung-cap-hang-hoa-cua-pvh","https://knacert.com.vn/dich-vu/bo-quy-tac-ung-xu-cho-nha-cung-cap-hang-hoa-cua-pvh/","Bộ Quy tắc Ứng xử cho nhà Cung cấp Hàng hóa của PVH"
"15542","bo-quy-tac-ung-xu-cho-nha-cung-cap-hang-hoa-cua-costco","https://knacert.com.vn/dich-vu/bo-quy-tac-ung-xu-cho-nha-cung-cap-hang-hoa-cua-costco/","Bộ Quy tắc Ứng xử cho nhà Cung cấp Hàng hóa của Costco"
"15535","bo-quy-tac-ung-xu-cho-nha-cung-cap-hang-hoa-cua-hm","https://knacert.com.vn/dich-vu/bo-quy-tac-ung-xu-cho-nha-cung-cap-hang-hoa-cua-hm/","Bộ Quy tắc Ứng xử cho nhà Cung cấp Hàng hóa của H&M"
"15528","bo-quy-tac-ung-xu-cho-nha-cung-cap-hang-hoa-cua-mango","https://knacert.com.vn/dich-vu/bo-quy-tac-ung-xu-cho-nha-cung-cap-hang-hoa-cua-mango/","Bộ Quy tắc Ứng xử cho nhà Cung cấp Hàng hóa của Mango"
"15521","bo-quy-tac-ung-xu-cho-cung-cap-hang-hoa-cua-ca","https://knacert.com.vn/dich-vu/bo-quy-tac-ung-xu-cho-cung-cap-hang-hoa-cua-ca/","Bộ Quy tắc Ứng xử cho Cung cấp Hàng hóa của C&A"
"15508","tieu-chuan-gmp-thuc-hanh-san-xuat-tot","https://knacert.com.vn/dich-vu/tieu-chuan-gmp-thuc-hanh-san-xuat-tot/","Tiêu chuẩn GMP - Thực Hành Sản Xuất Tốt"
"15495","tu-van-fairtrade-thuong-mai-cong-bang","https://knacert.com.vn/dich-vu/tu-van-fairtrade-thuong-mai-cong-bang/","Fairtrade - Tiêu chuẩn thương mại công bằng"
"15482","tu-van-tieu-chuan-fla-hiep-hoi-lao-dong-cong-bang","https://knacert.com.vn/dich-vu/tu-van-tieu-chuan-fla-hiep-hoi-lao-dong-cong-bang/","Tiêu chuẩn FLA -  Hiệp Hội Lao Động Công Bằng"
"15472","tieu-chuan-oeko-tex-100-cho-san-pham-det-may","https://knacert.com.vn/dich-vu/tieu-chuan-oeko-tex-100-cho-san-pham-det-may/","Tiêu chuẩn Oeko-Tex 100 cho sản phẩm dệt may"
"15465","chung-nhan-ce-marking-cho-he-thong-an-toan-chay-no","https://knacert.com.vn/dich-vu/chung-nhan-ce-marking-cho-he-thong-an-toan-chay-no/","Chứng nhận CE Marking cho Hệ Thống An Toàn Cháy Nổ"
"15458","chung-nhan-ce-cho-san-pham-ket-cau-thep-va-nhom","https://knacert.com.vn/dich-vu/chung-nhan-ce-cho-san-pham-ket-cau-thep-va-nhom/","Chứng nhận CE cho sản phẩm kết cấu thép và nhôm"
"15454","gioi-thieu-to-chuc-thu-nghiem-hieu-chuan-va-chung-nhan-applus","https://knacert.com.vn/dich-vu/gioi-thieu-to-chuc-thu-nghiem-hieu-chuan-va-chung-nhan-applus/","Giới Thiệu Tổ Chức Thử Nghiệm, Hiệu Chuẩn và Chứng Nhận Applus+"
"15447","chung-nhan-tieu-chuan-iso-370012016-he-thong-quan-ly-chong-hoi-lo","https://knacert.com.vn/dich-vu/chung-nhan-tieu-chuan-iso-370012016-he-thong-quan-ly-chong-hoi-lo/","Chứng nhận ISO 37001:2016"
"15437","gioi-thieu-ve-co-quan-chung-nhan-kosher-the-vaad-hoeir-of-st-louis","https://knacert.com.vn/dich-vu/gioi-thieu-ve-co-quan-chung-nhan-kosher-the-vaad-hoeir-of-st-louis/","Giới thiệu về Cơ Quan chứng nhận Kosher The Vaad Hoeir of St. Louis"
"15430","tu-van-tieu-chuan-tapa-hiep-hoi-bao-ve-tai-san-van-chuyen","https://knacert.com.vn/dich-vu/tu-van-tieu-chuan-tapa-hiep-hoi-bao-ve-tai-san-van-chuyen/","Tiêu Chuẩn TAPA - Hiệp hội bảo vệ tài sản vận chuyển"
"15426","tu-van-asc-hoi-dong-quan-ly-nuoi-trong-thuy-san","https://knacert.com.vn/dich-vu/tu-van-asc-hoi-dong-quan-ly-nuoi-trong-thuy-san/","ASC - HỘI ĐỒNG QUẢN LÝ NUÔI TRỒNG THỦY SẢN"
"15419","tu-van-rws-tieu-chuan-len-co-trach-nhiem","https://knacert.com.vn/dich-vu/tu-van-rws-tieu-chuan-len-co-trach-nhiem/","Tiêu chuẩn RWS - Tiêu chuẩn về len có trách nhiệm"
"15412","tieu-chuan-bonsucro-sang-kien-ve-mia-tuyet-voi","https://knacert.com.vn/dich-vu/tieu-chuan-bonsucro-sang-kien-ve-mia-tuyet-voi/","Tiêu chuẩn BONSUCRO – Sáng kiến về mía tuyệt vời"
"15405","tu-van-rtrs-hoi-nghi-ban-tron-ve-dau-nanh-co-trach-nhiem","https://knacert.com.vn/dich-vu/tu-van-rtrs-hoi-nghi-ban-tron-ve-dau-nanh-co-trach-nhiem/","Tiêu chuẩn RTRS - Hội nghị bàn tròn về đậu nành có trách nhiệm"
"15398","tu-van-gols-tieu-chuan-cao-su-huu-co-toan-cau","https://knacert.com.vn/dich-vu/tu-van-gols-tieu-chuan-cao-su-huu-co-toan-cau/","GOLS - Tiêu Chuẩn Cao Su Hữu Cơ Toàn Cầu."
"15391","tu-van-sfp-chuong-trinh-soi-ben-vung","https://knacert.com.vn/dich-vu/tu-van-sfp-chuong-trinh-soi-ben-vung/","Tiêu Chuẩn SFP - Chương trình Sợi Bền vững"
"15357","chung-nhan-iso-450012018-he-thong-quan-ly-an-toan-va-suc-khoe-nghe-nghiep","https://knacert.com.vn/dich-vu/chung-nhan-iso-450012018-he-thong-quan-ly-an-toan-va-suc-khoe-nghe-nghiep/","Chứng Nhận ISO 45001:2018"
"15350","iso-28000-la-gi-thoi-co-va-nhung-thach-thuc-trong-quan-ly-an-ninh","https://knacert.com.vn/dich-vu/iso-28000-la-gi-thoi-co-va-nhung-thach-thuc-trong-quan-ly-an-ninh/","ISO 28000 Là gì ? Thời cơ và những thách thức trong quản lý an ninh"
"15319","chung-nhan-rds","https://knacert.com.vn/dich-vu/chung-nhan-rds/","CHỨNG NHẬN RDS"
"15282","tu-van-ocs-tieu-chuan-ve-thanh-phan-huu-co","https://knacert.com.vn/dich-vu/tu-van-ocs-tieu-chuan-ve-thanh-phan-huu-co/","Chứng Nhận OCS - Công Nhận Quốc Tế"
"15275","rcs-tieu-chuan-tuyen-bo-tai-che-quoc-te","https://knacert.com.vn/dich-vu/rcs-tieu-chuan-tuyen-bo-tai-che-quoc-te/","Chứng Nhận RCS"
"15262","chung-nhan-iatf-16949","https://knacert.com.vn/dich-vu/chung-nhan-iatf-16949/","Chứng Nhận IATF 16949:2016"
"15255","kna-duoc-chi-dinh-dai-dien-tai-viet-nam-cap-chung-nhan-kosher-do-vaad-hoeir-of-st-louis-cap","https://knacert.com.vn/dich-vu/kna-duoc-chi-dinh-dai-dien-tai-viet-nam-cap-chung-nhan-kosher-do-vaad-hoeir-of-st-louis-cap/","KNA được chỉ định đại diện tại Việt Nam cấp Chứng Nhận Kosher do Vaad hoeir of st. Louis cấp"
"15242","chung-nhan-sa8000","https://knacert.com.vn/dich-vu/chung-nhan-sa8000/","Chứng Nhận SA8000"
"15235","hop-quy-dau-nhon-dong-co-dot-trong","https://knacert.com.vn/dich-vu/hop-quy-dau-nhon-dong-co-dot-trong/","Hợp quy dầu nhờn động cơ đốt trong"
"15225","chi-so-higg-index-va-hiep-hoi-may-mac-ben-vung","https://knacert.com.vn/dich-vu/chi-so-higg-index-va-hiep-hoi-may-mac-ben-vung/","Chỉ số Higg Index và Hiệp hội May mặc Bền vững"
"15218","chung-nhan-rspo-hoi-nghi-ban-tron-ve-dau-co-ben-vung","https://knacert.com.vn/dich-vu/chung-nhan-rspo-hoi-nghi-ban-tron-ve-dau-co-ben-vung/","Chứng nhận RSPO - Hội Nghị Bàn Tròn Về Dầu Cọ Bền Vững"
"15199","chung-nhan-gots","https://knacert.com.vn/dich-vu/chung-nhan-gots/","Chứng Nhận GOTS"
"15189","tu-van-danh-gia-disney-ils-tieu-chuan-lao-dong-quoc-te","https://knacert.com.vn/dich-vu/tu-van-danh-gia-disney-ils-tieu-chuan-lao-dong-quoc-te/","Đánh Giá - Chứng Nhận Disney ILS (Tiêu Chuẩn Lao Động Quốc Tế)"
"15176","chung-nhan-iso-27001","https://knacert.com.vn/dich-vu/chung-nhan-iso-27001/","Chứng nhận ISO 27001:2022"
"15169","chuong-trinh-danh-gia-nha-may-cua-nha-cung-cap-vfe-fe","https://knacert.com.vn/dich-vu/chuong-trinh-danh-gia-nha-may-cua-nha-cung-cap-vfe-fe/","Chương trình Đánh giá nhà máy của nhà cung cấp (VFE + FE)"
"15162","thd-ser-tieu-chuan-trach-nhiem-xa-hoi-va-moi-truong","https://knacert.com.vn/dich-vu/thd-ser-tieu-chuan-trach-nhiem-xa-hoi-va-moi-truong/","THD SER : Tiêu chuẩn trách nhiệm xã hội và môi trường"
"15155","grs-tieu-chuan-tai-che-toan-cau","https://knacert.com.vn/dich-vu/grs-tieu-chuan-tai-che-toan-cau/","Chứng Nhận GRS"
"15145","mang-danh-gia-nha-cung-cap-scan","https://knacert.com.vn/dich-vu/mang-danh-gia-nha-cung-cap-scan/","Đánh Giá SCAN"
"15135","danh-gia-an-ninh-chuoi-cung-ung-tuan-thu-walmart-scs","https://knacert.com.vn/dich-vu/danh-gia-an-ninh-chuoi-cung-ung-tuan-thu-walmart-scs/","Chứng nhận SCS"
"15128","danh-gia-nang-luc-cua-nha-may-fcca-theo-wal-mart","https://knacert.com.vn/dich-vu/danh-gia-nang-luc-cua-nha-may-fcca-theo-wal-mart/","Đánh giá FCCA"
"15115","tu-van-danh-gia-wca-chuong-trinh-danh-gia-dieu-kien-lam-viec","https://knacert.com.vn/dich-vu/tu-van-danh-gia-wca-chuong-trinh-danh-gia-dieu-kien-lam-viec/","Đánh Giá - Chứng Nhận WCA - Đánh giá điều kiện làm việc"
"15077","chung-nhan-tieu-chuan-rung-pefc","https://knacert.com.vn/dich-vu/chung-nhan-tieu-chuan-rung-pefc/","CHỨNG NHẬN PEFC"
"15047","dao-tao-thuc-hanh-5s","https://knacert.com.vn/dich-vu/dao-tao-thuc-hanh-5s/","Khóa Đào Tạo Thực Hành 5S"
"15031","chung-nhan-ce-marking","https://knacert.com.vn/dich-vu/chung-nhan-ce-marking/","Chứng Nhận CE Marking"
"15024","chung-nhan-tieu-chuan-organic","https://knacert.com.vn/dich-vu/chung-nhan-tieu-chuan-organic/","Chứng nhận tiêu chuẩn ORGANIC"
"15017","hop-chuan-cot-dien-be-tong-cot-thep-ly-tam","https://knacert.com.vn/dich-vu/hop-chuan-cot-dien-be-tong-cot-thep-ly-tam/","Hợp chuẩn cột điện bê tông cốt thép ly tâm"
"15004","hop-chuan-thiet-bi-dun-nuoc-nong-bang-nang-luong-mat-troi","https://knacert.com.vn/dich-vu/hop-chuan-thiet-bi-dun-nuoc-nong-bang-nang-luong-mat-troi/","Hợp chuẩn thiết bị đun nước nóng bằng năng lượng mặt trời"
"14988","dao-tao-chung-nhan-global-gap","https://knacert.com.vn/dich-vu/dao-tao-chung-nhan-global-gap/","Chứng nhận GlobalG.A.P"
"14966","dao-tao-chung-nhan-brcifs-food","https://knacert.com.vn/dich-vu/dao-tao-chung-nhan-brcifs-food/","Chứng nhận BRCGS FOOD"
"14952","quan-ly-chat-luong-toan-dien-tqm","https://knacert.com.vn/dich-vu/quan-ly-chat-luong-toan-dien-tqm/","Quản lý chất lượng toàn diện-TQM"
"14942","dao-tao-danh-gia-better-work-trach-nhiem-xa-hoi-nganh-may-mac","https://knacert.com.vn/dich-vu/dao-tao-danh-gia-better-work-trach-nhiem-xa-hoi-nganh-may-mac/","Đánh Giá - Chứng Nhận Better Work - Trách nhiệm xã hội ngành may mặc"
"14935","chung-nhan-hop-quy-xi-mang-clanhke","https://knacert.com.vn/dich-vu/chung-nhan-hop-quy-xi-mang-clanhke/","Chứng nhận hợp quy xi măng Clanhke"
"14928","chung-nhan-hop-chuan-be-tong-tuoi","https://knacert.com.vn/dich-vu/chung-nhan-hop-chuan-be-tong-tuoi/","Chứng nhận hợp chuẩn bê tông tươi"
"14909","chung-nhan-hop-chuan-ban-ghe-hoc-sinh","https://knacert.com.vn/dich-vu/chung-nhan-hop-chuan-ban-ghe-hoc-sinh/","Chứng nhận Hợp Chuẩn bàn ghế học sinh"
"14899","chung-nhan-hop-quy-su-ve-sinh","https://knacert.com.vn/dich-vu/chung-nhan-hop-quy-su-ve-sinh/","Chứng nhận hợp quy sứ vệ sinh"
"14892","chung-nhan-hop-quy-thiet-bi-dien-dien-tu","https://knacert.com.vn/dich-vu/chung-nhan-hop-quy-thiet-bi-dien-dien-tu/","Chứng nhận hợp quy thiết bị điện, điện tử"
"14885","dao-tao-chung-nhan-hop-chuan-den-led","https://knacert.com.vn/dich-vu/dao-tao-chung-nhan-hop-chuan-den-led/","Chứng nhận hợp chuẩn đèn LED"
"14869","dao-tao-chung-nhan-kosher","https://knacert.com.vn/dich-vu/dao-tao-chung-nhan-kosher/","Đánh Giá – Chứng Nhận Kosher"
"14862","chung-nhan-hop-quy-thuc-an-chan-nuoi","https://knacert.com.vn/dich-vu/chung-nhan-hop-quy-thuc-an-chan-nuoi/","Chứng nhận hợp quy thức ăn chăn nuôi"
"14855","chung-nhan-hop-quy-bao-bi-thuc-pham","https://knacert.com.vn/dich-vu/chung-nhan-hop-quy-bao-bi-thuc-pham/","Hợp quy bao bì thực phẩm"
"14845","chung-nhan-hop-quy-giay-an-giay-ve-sinh","https://knacert.com.vn/dich-vu/chung-nhan-hop-quy-giay-an-giay-ve-sinh/","Chứng nhận hợp quy giấy ăn, giấy vệ sinh"
"14835","dao-tao-chung-nhan-tieu-chuan-iso-26000","https://knacert.com.vn/dich-vu/dao-tao-chung-nhan-tieu-chuan-iso-26000/","Chứng Nhận ISO 26000 - Trách Nhiệm Xã Hội"
"14825","dao-tao-danh-gia-walmart","https://knacert.com.vn/dich-vu/dao-tao-danh-gia-walmart/","Đánh Giá  - Chứng Nhận Walmart"
"14821","dao-tao-danh-gia-tieu-chuan-wrap","https://knacert.com.vn/dich-vu/dao-tao-danh-gia-tieu-chuan-wrap/","Đánh Giá - Chứng Nhận Tiêu chuẩn WRAP"
"14808","tu-van-danh-gia-eicc-rba-trach-nhiem-xa-hoi-trong-nganh-dien-tu","https://knacert.com.vn/dich-vu/tu-van-danh-gia-eicc-rba-trach-nhiem-xa-hoi-trong-nganh-dien-tu/","Đánh Giá - Chứng Nhận EICC-RBA ngành điện tử"
"14780","dao-tao-chung-nhan-iso-220002018-an-toan-thuc-pham","https://knacert.com.vn/dich-vu/dao-tao-chung-nhan-iso-220002018-an-toan-thuc-pham/","Chứng nhận ISO 22000:2018"
"14736","dao-tao-chung-nhan-iso-170252017","https://knacert.com.vn/dich-vu/dao-tao-chung-nhan-iso-170252017/","Chứng nhận ISO 17025:2017"
"14732","chung-nhan-hop-quy-kinh-xay-dung","https://knacert.com.vn/dich-vu/chung-nhan-hop-quy-kinh-xay-dung/","Chứng nhận Hợp quy kính xây dựng"
"14725","chung-nhan-hop-quy-san-pham-ong-nhua","https://knacert.com.vn/dich-vu/chung-nhan-hop-quy-san-pham-ong-nhua/","Chứng Nhận Hợp Quy Sản Phẩm Ống Nhựa"
"14718","chung-nhan-hop-quy-cat-va-da-xay-dung","https://knacert.com.vn/dich-vu/chung-nhan-hop-quy-cat-va-da-xay-dung/","Chứng Nhận Hợp Quy Cát Và Đá Xây Dựng"
"14711","chung-nhan-hop-quy-det-may-theo-qcvn012017","https://knacert.com.vn/dich-vu/chung-nhan-hop-quy-det-may-theo-qcvn012017/","Chứng nhận hợp quy dệt may theo QCVN01/2017"
"14686","chung-nhan-iso-134852016-nhan-bao-gia-moi-nhat-nam-2026","https://knacert.com.vn/dich-vu/chung-nhan-iso-134852016-nhan-bao-gia-moi-nhat-nam-2026/","Chứng Nhận ISO 13485:2016"
"14676","hop-quy-san-pham-gach-da-op-lat","https://knacert.com.vn/dich-vu/hop-quy-san-pham-gach-da-op-lat/","Hợp quy sản phẩm gạch, đá ốp lát"
"14672","dao-tao-danh-gia-bsci-trach-nhiem-xa-hoi-cua-doanh-nghiep","https://knacert.com.vn/dich-vu/dao-tao-danh-gia-bsci-trach-nhiem-xa-hoi-cua-doanh-nghiep/","Đánh giá - Chứng Nhận BSCI - Trách Nhiệm Xã Hội của Doanh nghiệp"
"14659","huan-luyen-an-toan-ve-sinh-lao-dong-nhom-6","https://knacert.com.vn/dich-vu/huan-luyen-an-toan-ve-sinh-lao-dong-nhom-6/","AN TOÀN VỆ SINH LAO ĐỘNG NHÓM 6"
"14631","chung-nhan-fssc-22000","https://knacert.com.vn/dich-vu/chung-nhan-fssc-22000/","Chứng Nhận FSSC 22000"
"14542","chung-nhan-c-tpat","https://knacert.com.vn/dich-vu/chung-nhan-c-tpat/","Đánh Giá - Chứng Nhận C-TPAT"
"14535","huan-luyen-an-toan-ve-sinh-lao-dong-nhom-5","https://knacert.com.vn/dich-vu/huan-luyen-an-toan-ve-sinh-lao-dong-nhom-5/","AN TOÀN VỆ SINH LAO ĐỘNG NHÓM 5"
"14486","chung-nhan-iso-14001","https://knacert.com.vn/dich-vu/chung-nhan-iso-14001/","Chứng Nhận ISO 14001:2015"
"14476","dao-tao-chung-nhan-hop-quy-son","https://knacert.com.vn/dich-vu/dao-tao-chung-nhan-hop-quy-son/","Chứng nhận Hợp quy sơn"
"14442","dao-tao-chung-nhan-haccp","https://knacert.com.vn/dich-vu/dao-tao-chung-nhan-haccp/","Chứng nhận HACCP"
"14432","dao-tao-thuc-hanh-lean-manufacturing","https://knacert.com.vn/dich-vu/dao-tao-thuc-hanh-lean-manufacturing/","Đào tạo thực hành Lean Manufacturing"
"14425","huan-luyen-an-toan-ve-sinh-lao-dong-nhom-4","https://knacert.com.vn/dich-vu/huan-luyen-an-toan-ve-sinh-lao-dong-nhom-4/","AN TOÀN VỆ SINH LAO ĐỘNG NHÓM 4"
"14412","sedex-la-gi-tu-van-tieu-chuan-sedex-smeta","https://knacert.com.vn/dich-vu/sedex-la-gi-tu-van-tieu-chuan-sedex-smeta/","Đánh Giá Sedex-SMETA"
"14402","chung-nhan-hop-quy-phan-bon","https://knacert.com.vn/dich-vu/chung-nhan-hop-quy-phan-bon/","Chứng Nhận Hợp Quy Phân Bón"
"14392","huan-luyen-an-toan-ve-sinh-lao-dong-nhom-3","https://knacert.com.vn/dich-vu/huan-luyen-an-toan-ve-sinh-lao-dong-nhom-3/","AN TOÀN VỆ SINH LAO ĐỘNG NHÓM 3"
"14385","huan-luyen-an-toan-ve-sinh-lao-dong-nhom-2","https://knacert.com.vn/dich-vu/huan-luyen-an-toan-ve-sinh-lao-dong-nhom-2/","AN TOÀN VỆ SINH LAO ĐỘNG NHÓM 2"
"14375","huan-luyen-an-toan-ve-sinh-lao-dong-nhom-1","https://knacert.com.vn/dich-vu/huan-luyen-an-toan-ve-sinh-lao-dong-nhom-1/","AN TOÀN VỆ SINH LAO ĐỘNG NHÓM 1"
"14368","khoa-hoc-huan-luyen-chung-chi-an-toan-lao-dong-theo-nd-44-moi-nhat","https://knacert.com.vn/dich-vu/khoa-hoc-huan-luyen-chung-chi-an-toan-lao-dong-theo-nd-44-moi-nhat/","Khóa học huấn luyện Chứng chỉ An toàn Lao động theo NĐ 44 mới nhất"
"14337","chung-nhan-brciop-bao-bi-thuc-pham","https://knacert.com.vn/dich-vu/chung-nhan-brciop-bao-bi-thuc-pham/","Chứng nhận BRC/IOP"
"14330","dao-tao-thuc-hanh-kaizen","https://knacert.com.vn/dich-vu/dao-tao-thuc-hanh-kaizen/","Đào tạo thực hành Kaizen"
